frac,prev_top1,prev_top100,improved_top1,improved_top100
0.0012437810945273632,-0.0222957450772591,-0.0092334358387192,-0.0222957450772591,-0.0092334358387192
0.0024875621890547263,-0.0171919978344718,-0.007487910410951,-0.0171919978344718,-0.0056429890174492
0.0037313432835820895,-0.0171895075182102,-0.0060739448386406,-0.0171895075182102,-0.003426320027127
0.004975124378109453,-0.0160623141550808,-0.0056429890174492,-0.0160623141550808,0.0453537704995426
0.006218905472636816,-0.0146468731287095,-0.004735977638657,-0.0146468731287095,0.0727436310215678
0.007462686567164179,-0.0127608749053672,-0.0038566369231761,-0.0127608749053672,0.0902176196786563
0.008706467661691543,-0.0122969349477922,-0.0036348949919224,-0.0122969349477922,0.1541003847410347
0.009950248756218905,-0.011624651667861,-0.0033349085232547,-0.011624651667861,0.1734040563977178
0.011194029850746268,-0.0107382213693511,0.0,-0.0107382213693511,0.1826582867783985
0.012437810945273632,-0.0102347902203642,0.0,-0.0102347902203642,0.1835082168987031
0.013681592039800995,-0.0101090399269254,0.0453537704995426,-0.0101090399269254,0.1996395786372834
0.014925373134328358,-0.0099593121788762,0.0708598967256707,-0.0099593121788762,0.2039556984020413
0.01616915422885572,-0.0099543252605961,0.0902176196786563,-0.0099543252605961,0.2150256960184118
0.017412935323383085,-0.0098019197469488,0.1293021606867284,-0.0098019197469488,0.2208101490649863
0.018656716417910446,-0.0092267144230924,0.1541003847410347,-0.0092267144230924,0.241544318897928
0.01990049751243781,-0.0081650193382036,0.1589104142351696,-0.0081650193382036,0.2439381961754928
0.021144278606965175,-0.0080663322751754,0.1734040563977178,-0.0080663322751754,0.262571416810321
0.022388059701492536,-0.0080039196788471,0.1826582867783985,-0.0080039196788471,0.2630154179984639
0.0236318407960199,-0.0080039196788471,0.1835082168987031,-0.0080039196788471,0.2648135704375243
0.024875621890547265,-0.007900732949987,0.2039556984020413,-0.007900732949987,0.2674802805143105
0.026119402985074626,-0.006833293845415,0.2122156308412334,-0.006833293845415,0.2736911182779901
0.02736318407960199,-0.0066783239147358,0.2208101490649863,-0.0066783239147358,0.2813884757659988
0.028606965174129355,-0.0065716944648136,0.2374218622559504,-0.0065716944648136,0.283722744255123
0.029850746268656716,-0.0064844087248855,0.2439381961754928,-0.0057705220253232,0.3015543209012
0.03109452736318408,-0.0054666033516185,0.2595295801264117,-0.0054666033516185,0.3030203795351369
0.03233830845771144,-0.0054092909306739,0.2630154179984639,-0.0054092909306739,0.3049237394427305
0.033582089552238806,-0.0052680970445406,0.2648135704375243,-0.0052680970445406,0.3052552967024523
0.03482587064676617,-0.0050694789675349,0.2714851235331892,-0.0050694789675349,0.3106487699265639
0.036069651741293535,-0.0050037755138801,0.2736911182779901,-0.0050037755138801,0.3116662626928138
0.03731343283582089,-0.0049028079721764,0.2813884757659988,-0.0049028079721764,0.3205029827429193
0.03855721393034826,-0.0048793609564211,0.283722744255123,-0.0048793609564211,0.3247812317897557
0.03980099502487562,-0.004866661507439,0.3030203795351369,-0.004866661507439,0.3307408114202201
0.041044776119402986,-0.0047259406684203,0.3106487699265639,-0.0047259406684203,0.3414808068800763
0.04228855721393035,-0.0022841754777542,0.3116662626928138,-0.0040321921195738,0.3418076800907344
0.043532338308457715,-0.0018645397368427,0.3160573727600181,-0.0022841754777542,0.3435509811383669
0.04477611940298507,0.0,0.3205029827429193,-0.0018645397368427,0.3440934241997707
0.046019900497512436,0.0,0.3247812317897557,0.0431756032140518,0.3493038273677641
0.0472636815920398,0.0431756032140518,0.326775956284153,0.0483892209966556,0.3529328077480536
0.048507462686567165,0.0483892209966556,0.3307408114202201,0.0625225740066932,0.3553292178552031
0.04975124378109453,0.0629850972315332,0.3385802991136087,0.0629850972315332,0.3615390382257812
0.05099502487562189,0.0633229878970043,0.3418076800907344,0.081317663944528,0.3634579131991731
0.05223880597014925,0.081317663944528,0.3419869526375925,0.0823426393245039,0.3634934271160279
0.053482587064676616,0.0823426393245039,0.3435509811383669,0.0937728008098056,0.36975649771607
0.05472636815920398,0.0934930779083579,0.3440934241997707,0.0999434774682882,0.3697873499899913
0.055970149253731345,0.0937728008098056,0.3489773483239748,0.1215350739298521,0.3728869109045091
0.05721393034825871,0.0999434774682882,0.3493038273677641,0.1254612020477416,0.3737628405575217
0.05845771144278607,0.1215350739298521,0.3529328077480536,0.135155662021,0.3889735132045356
0.05970149253731343,0.1254612020477416,0.3551200976128605,0.1624561230845274,0.3898210193753062
0.060945273631840796,0.135155662021,0.3615390382257812,0.1628142982495905,0.3915826792894715
0.06218905472636816,0.1624561230845274,0.3619334405109575,0.1648082743029781,0.3941063216698526
0.06343283582089553,0.1628142982495905,0.3629614179086403,0.1650681401702269,0.3966417767354982
0.06467661691542288,0.1648082743029781,0.3634579131991731,0.1706227004903247,0.3977025291346303
0.06592039800995025,0.1650681401702269,0.3634934271160279,0.1723452022532734,0.4134772285491012
0.06716417910447761,0.1706227004903247,0.36975649771607,0.173837808663029,0.4207942661882026
0.06840796019900497,0.1723452022532734,0.3697873499899913,0.1779519075466618,0.4243638983133088
0.06965174129353234,0.173837808663029,0.3728869109045091,0.1793615235592639,0.4252218572592866
0.0708955223880597,0.1779519075466618,0.3889735132045356,0.1800298767217235,0.4343981570126107
0.07213930348258707,0.1793615235592639,0.3898210193753062,0.1828112735311136,0.4507812167151273
0.07338308457711443,0.1800298767217235,0.3915826792894715,0.1836816331859372,0.4527430050261909
0.07462686567164178,0.1828112735311136,0.3977025291346303,0.1900730244866512,0.4570107664486824
0.07587064676616916,0.1836816331859372,0.4045130307965006,0.1951394462627013,0.4679330776523664
0.07711442786069651,0.1900730244866512,0.4134772285491012,0.1966387747858736,0.4687581206093377
0.07835820895522388,0.1951394462627013,0.4149339909533746,0.1996276176795777,0.4720485941560377
0.07960199004975124,0.1966387747858736,0.4163548897038309,0.2013270392601145,0.4724420370761855
0.08084577114427861,0.1996276176795777,0.4207942661882026,0.212462957352545,0.4746757668236115
0.08208955223880597,0.2013270392601145,0.4252218572592866,0.2172518196481241,0.4748106417177312
0.08333333333333333,0.2118357054685807,0.4343981570126107,0.2205775097997,0.4753536246443442
0.0845771144278607,0.212462957352545,0.4369088427135109,0.2213559892762731,0.4756825589240722
0.08582089552238806,0.2172518196481241,0.442689237332265,0.2219139075381234,0.4767455425955841
0.08706467661691543,0.2205775097997,0.4527430050261909,0.2219979919584409,0.4818385879800339
0.08830845771144279,0.2213559892762731,0.4570107664486824,0.2351877494310953,0.4821031269149459
0.08955223880597014,0.2219139075381234,0.4594971534390022,0.2354296575843999,0.4821221528531422
0.09079601990049752,0.2219979919584409,0.467827415828444,0.2378139934736667,0.4831101404888504
0.09203980099502487,0.2351877494310953,0.4679330776523664,0.2386782972469355,0.4957677715360575
0.09328358208955224,0.2354296575843999,0.4720485941560377,0.2397336227597707,0.4958154573255484
0.0945273631840796,0.2378139934736667,0.4724420370761855,0.2439146715422082,0.4974989406133296
0.09577114427860696,0.2386782972469355,0.4746757668236115,0.2494406596818997,0.49845467295137
0.09701492537313433,0.2397336227597707,0.4748106417177312,0.2498337773291912,0.4986071103033969
0.09825870646766169,0.2439146715422082,0.4753536246443442,0.2510804311670528,0.499912698059922
0.09950248756218906,0.2494406596818997,0.4756825589240722,0.253800865460016,0.5000421802780335
0.10074626865671642,0.2498337773291912,0.4767455425955841,0.2542806570548696,0.5019876513720707
0.10199004975124377,0.2510804311670528,0.4818385879800339,0.2572584446202974,0.5077473838851377
0.10323383084577115,0.253800865460016,0.4821031269149459,0.2591985761452753,0.5084900002119107
0.1044776119402985,0.2572584446202974,0.4821221528531422,0.2605782006125356,0.5086614972914317
0.10572139303482588,0.2591985761452753,0.4831101404888504,0.2614233936014064,0.5100496139438171
0.10696517412935323,0.2605782006125356,0.4852950750520589,0.2648135704375243,0.5114935745202872
0.10820895522388059,0.2614233936014064,0.4957677715360575,0.2670256365857425,0.5127708786680929
0.10945273631840796,0.2648135704375243,0.4958154573255484,0.2697309558792424,0.5140074987059201
0.11069651741293532,0.2659693491622962,0.4974989406133296,0.2708458673542472,0.5170274859004453
0.11194029850746269,0.2670256365857425,0.49845467295137,0.2789301010968263,0.523964933352786
0.11318407960199005,0.2697309558792424,0.499912698059922,0.2808585528527179,0.5258080710270241
0.11442786069651742,0.2708458673542472,0.5000421802780335,0.2829086116021236,0.5258407500704759
0.11567164179104478,0.2789301010968263,0.5019876513720707,0.2909348456886845,0.5296925860599815
0.11691542288557213,0.2808585528527179,0.5077473838851377,0.2949033565836667,0.5327815402692614
0.1181592039800995,0.2829086116021236,0.5084900002119107,0.3022045028142589,0.532948040099012
0.11940298507462686,0.2909348456886845,0.5084935295369453,0.3034255165344471,0.5374942390431707
0.12064676616915423,0.2949033565836667,0.5086614972914317,0.3038437869676798,0.5376561308985623
0.12189054726368159,0.3022045028142589,0.5114935745202872,0.30572288225727,0.5397808390618353
0.12313432835820895,0.3034255165344471,0.5116554971909479,0.3058856850473977,0.5408517380298528
0.12437810945273632,0.3038437869676798,0.5127708786680929,0.3072745083599479,0.5414036096388777
0.1256218905472637,0.30572288225727,0.5140074987059201,0.3089690888003913,0.543593293415853
0.12686567164179105,0.3058856850473977,0.5170274859004453,0.3106487699265639,0.5438436763422928
0.1281094527363184,0.3072745083599479,0.5195084485407067,0.3173588084644314,0.5462980490918473
0.12935323383084577,0.3089690888003913,0.523964933352786,0.3192376758503555,0.5486067288575455
0.13059701492537312,0.3106487699265639,0.5258080710270241,0.3196402099584549,0.557105443640292
0.1318407960199005,0.3173588084644314,0.5258407500704759,0.3202441691080314,0.5591287605986387
0.13308457711442787,0.3192376758503555,0.5296925860599815,0.3224659886377008,0.5606388605752406
0.13432835820895522,0.3196402099584549,0.5327815402692614,0.3255622144456096,0.5615201791155513
0.13557213930348258,0.3202441691080314,0.532948040099012,0.33197833388028,0.5636993416064848
0.13681592039800994,0.3224659886377008,0.5373365603182716,0.3338750297208552,0.5650712265718096
0.13805970149253732,0.3255622144456096,0.5374942390431707,0.3359305294067231,0.565207293488001
0.13930348258706468,0.33197833388028,0.5376561308985623,0.3422310496647402,0.5669833182222116
0.14054726368159204,0.3338750297208552,0.5414036096388777,0.3438209242426076,0.568305372805289
0.1417910447761194,0.3359305294067231,0.543593293415853,0.3464145257080727,0.5686200871650355
0.14303482587064675,0.3365997382466608,0.5462980490918473,0.3491803454684256,0.5718238834721607
0.14427860696517414,0.3422310496647402,0.5486067288575455,0.3492407497644639,0.5732032295893293
0.1455223880597015,0.3438209242426076,0.5591287605986387,0.3496682410781289,0.5760275864230516
0.14676616915422885,0.3464145257080727,0.5615201791155513,0.3542942316662094,0.5763641894213555
0.1480099502487562,0.3491803454684256,0.5636993416064848,0.3547947211214395,0.5800472390656027
0.14925373134328357,0.3492407497644639,0.565207293488001,0.3562118327474561,0.5838936043686371
0.15049751243781095,0.3496682410781289,0.5663665501561295,0.3562257264444296,0.585519054715056
0.1517412935323383,0.3542942316662094,0.5669833182222116,0.3595791452683088,0.5855473520364184
0.15298507462686567,0.3547947211214395,0.568305372805289,0.3597827990891574,0.587811155409395
0.15422885572139303,0.3562118327474561,0.5686200871650355,0.3619334405109575,0.5894306967608143
0.15547263681592038,0.3562257264444296,0.5718238834721607,0.3620865510798874,0.5915209184296253
0.15671641791044777,0.3595791452683088,0.5742763122626525,0.3640694844286933,0.59191751329832
0.15796019900497513,0.3597827990891574,0.5760275864230516,0.3647310213591471,0.5939722570349719
0.15920398009950248,0.3619334405109575,0.5763641894213555,0.3658623607866609,0.5945103918953917
0.16044776119402984,0.3620865510798874,0.5800472390656027,0.3678260598380847,0.5973294137904418
0.16169154228855723,0.3640694844286933,0.5833605258855105,0.3689285181912822,0.5985294117647059
0.16293532338308458,0.3647310213591471,0.5838936043686371,0.3695944162246899,0.5987083190076118
0.16417910447761194,0.3658623607866609,0.585519054715056,0.3729367338501165,0.599198927997204
0.1654228855721393,0.3678260598380847,0.5855473520364184,0.374652292126359,0.600252770161865
0.16666666666666666,0.3695944162246899,0.5864898985960045,0.3749863748712272,0.6011157146863516
0.16791044776119404,0.374652292126359,0.5894306967608143,0.3808900241160169,0.6023262690400562
0.1691542288557214,0.3749863748712272,0.5915209184296253,0.3809129441789848,0.6056946315048842
0.17039800995024876,0.3761020767729288,0.59191751329832,0.3814694939350858,0.6094310250440466
0.17164179104477612,0.3808900241160169,0.5939722570349719,0.3817504475785661,0.6100155007230649
0.17288557213930347,0.3809129441789848,0.5945103918953917,0.3865699125731393,0.6102267933038515
0.17412935323383086,0.3814694939350858,0.5973294137904418,0.3867196327747095,0.6106914369826028
0.17537313432835822,0.3817504475785661,0.5985294117647059,0.3910498821519196,0.6143242673342153
0.17661691542288557,0.3865699125731393,0.599198927997204,0.3911071220115178,0.6168760355073374
0.17786069651741293,0.3867196327747095,0.600252770161865,0.3917900820718916,0.6181491503195448
0.1791044776119403,0.3910498821519196,0.6023262690400562,0.3924486451042877,0.6188128952823749
0.18034825870646767,0.3911071220115178,0.6056946315048842,0.3945690434626891,0.6215756244758008
0.18159203980099503,0.3917900820718916,0.6094310250440466,0.3960609460939153,0.6224019750518804
0.1828358208955224,0.3924486451042877,0.6102267933038515,0.3960609460939153,0.6230739405999679
0.18407960199004975,0.3945690434626891,0.6102636331890016,0.398778340209828,0.6250051916645164
0.1853233830845771,0.3960609460939153,0.6143242673342153,0.4009527323762925,0.626902146562875
0.1865671641791045,0.3960609460939153,0.6168760355073374,0.4011426572005118,0.6276387875034103
0.18781094527363185,0.398778340209828,0.6175361238117772,0.4011922226518066,0.6290635976128943
0.1890547263681592,0.4009527323762925,0.6180948609483657,0.4017098959321953,0.630966778911397
0.19029850746268656,0.4011426572005118,0.6181491503195448,0.4033970246052817,0.6313691489836429
0.19154228855721392,0.4011922226518066,0.6188128952823749,0.4047923995401514,0.6317571758348862
0.1927860696517413,0.4017098959321953,0.6215756244758008,0.4055134832058834,0.633115554397644
0.19402985074626866,0.4033970246052817,0.6224019750518804,0.4072380799529497,0.6338776202045313
0.19527363184079602,0.4047923995401514,0.6230739405999679,0.4103663860981179,0.6344257933458506
0.19651741293532338,0.4055134832058834,0.624040304459878,0.4115057952896422,0.6393276464792389
0.19776119402985073,0.4072380799529497,0.6250051916645164,0.4134772285491012,0.6411205871417583
0.19900497512437812,0.4103663860981179,0.626902146562875,0.4152151465054617,0.6415209088579674
0.20024875621890548,0.4115057952896422,0.6276387875034103,0.4152285940325033,0.6436348171379853
0.20149253731343283,0.4134772285491012,0.6283247431700612,0.4171177683196235,0.6439237585244496
0.2027363184079602,0.4152151465054617,0.6290635976128943,0.4201084758653949,0.6472138673675846
0.20398009950248755,0.4152285940325033,0.6300623767249365,0.4207707304819952,0.6475946020230695
0.20522388059701493,0.4171177683196235,0.6313691489836429,0.4214494606443364,0.6488149674802878
0.2064676616915423,0.4201084758653949,0.633115554397644,0.4215063465384191,0.6504436355879909
0.20771144278606965,0.4207707304819952,0.6338776202045313,0.4258239237781231,0.651233543073999
0.208955223880597,0.4214494606443364,0.6344257933458506,0.428664406276469,0.651446805341964
0.21019900497512436,0.4215063465384191,0.6393276464792389,0.428880266139392,0.6529014364276856
0.21144278606965175,0.4258239237781231,0.6411205871417583,0.4313912053162157,0.656235508611722
0.2126865671641791,0.428664406276469,0.6414887454300653,0.4321154564741601,0.6603952966215252
0.21393034825870647,0.428880266139392,0.6415209088579674,0.432532022672012,0.660514746381457
0.21517412935323382,0.4313912053162157,0.6435209583548575,0.4328907039748624,0.6630414811944472
0.21641791044776118,0.4321154564741601,0.6436348171379853,0.4360491035241221,0.6640117994100295
0.21766169154228857,0.432532022672012,0.6472138673675846,0.4362130677029691,0.664717925445076
0.21890547263681592,0.4328907039748624,0.6475946020230695,0.4373297646945202,0.6649635228376837
0.22014925373134328,0.4344143690151943,0.6478794304756135,0.4390901203903391,0.6653329564325818
0.22139303482587064,0.4360491035241221,0.6488149674802878,0.4400868192983283,0.6674487156054879
0.22263681592039802,0.4362130677029691,0.6504436355879909,0.4486853502262209,0.6680863417796685
0.22388059701492538,0.4373297646945202,0.651233543073999,0.4515479233484695,0.6694851844122508
0.22512437810945274,0.4390901203903391,0.651446805341964,0.4522392120241564,0.6738041347486504
0.2263681592039801,0.4400868192983283,0.6603952966215252,0.4568940438767662,0.6748449608396402
0.22761194029850745,0.4486853502262209,0.660514746381457,0.45845224439839,0.6751695815810765
0.22885572139303484,0.4515479233484695,0.6640117994100295,0.4605574250465651,0.6840476397935937
0.2300995024875622,0.4522392120241564,0.6641819672424337,0.4619575838765487,0.6862864518699955
0.23134328358208955,0.4568940438767662,0.664717925445076,0.4642222222210789,0.686894779000856
0.2325870646766169,0.4605574250465651,0.6649635228376837,0.4643030362290832,0.6870664712832408
0.23383084577114427,0.4619575838765487,0.6651595046914679,0.4709068073647223,0.689890586094042
0.23507462686567165,0.4642222222210789,0.6653329564325818,0.4711676451402479,0.6899656508300771
0.236318407960199,0.4643030362290832,0.6671585390185861,0.473750057684056,0.69342074260925
0.23756218905472637,0.4709068073647223,0.6674487156054879,0.4745980909087494,0.6956147787381313
0.23880597014925373,0.4711676451402479,0.6680863417796685,0.4753048315099336,0.6956863681960574
0.24004975124378108,0.4745980909087494,0.6694851844122508,0.4754031951515266,0.695998062634181
0.24129353233830847,0.4753048315099336,0.6738041347486504,0.4759129574712884,0.6971121422279215
0.24253731343283583,0.4754031951515266,0.6751695815810765,0.4763456597952036,0.6972905854392006
0.24378109452736318,0.4759129574712884,0.6840476397935937,0.4769408008050134,0.6978653931462784
0.24502487562189054,0.4763456597952036,0.6862864518699955,0.4771607250676165,0.6985275455677669
0.2462686567164179,0.4769408008050134,0.686894779000856,0.4784387721300148,0.6985597891081003
0.24751243781094528,0.4771607250676165,0.6871541434075965,0.4794754681872253,0.7043318512506618
0.24875621890547264,0.4784387721300148,0.689890586094042,0.4812557980452224,0.7059119106965754
0.25,0.4794754681872253,0.6899656508300771,0.4822456503734655,0.7059554532350306
0.2512437810945274,0.4812557980452224,0.6901958266166712,0.4854380205524779,0.706064004065299
0.2524875621890547,0.4822456503734655,0.69342074260925,0.4878100436424255,0.7063504311991946
0.2537313432835821,0.4854380205524779,0.6934611965374539,0.487984959795278,0.707873458311466
0.25497512437810943,0.4866135048348265,0.6956147787381313,0.488871790239588,0.7091252098615927
0.2562189054726368,0.4878100436424255,0.6956863681960574,0.4941621259468577,0.7091877100961388
0.2574626865671642,0.487984959795278,0.695998062634181,0.4950244731471325,0.709642528036594
0.25870646766169153,0.488871790239588,0.6971121422279215,0.4963684511204082,0.7104875889544777
0.2599502487562189,0.4941621259468577,0.6972905854392006,0.4971979653326994,0.7135340103337179
0.26119402985074625,0.4950244731471325,0.6978653931462784,0.4971979653326994,0.7153445884707819
0.26243781094527363,0.4963684511204082,0.6985275455677669,0.4986443716580802,0.717305709384782
0.263681592039801,0.4971979653326994,0.7043318512506618,0.499912698059922,0.7175623578566548
0.26492537313432835,0.4971979653326994,0.7057167527513458,0.5003936347351974,0.7176282747678229
0.26616915422885573,0.4986443716580802,0.7059119106965754,0.5012824951964733,0.7191235323898978
0.26741293532338306,0.499912698059922,0.7059554532350306,0.5047816064144153,0.7222127786203529
0.26865671641791045,0.5003936347351974,0.706064004065299,0.5064618775510857,0.7238974098269957
0.26990049751243783,0.5012824951964733,0.7063504311991946,0.5080572165430401,0.7258709503619333
0.27114427860696516,0.5047816064144153,0.7091252098615927,0.5086476835217087,0.727035829498871
0.27238805970149255,0.5064618775510857,0.709642528036594,0.5101146400913299,0.7278907407182656
0.2736318407960199,0.5080572165430401,0.7104875889544777,0.5102742459954969,0.7294422527918848
0.27487562189054726,0.5086476835217087,0.7145209900953335,0.5161352649443447,0.7294779902857919
0.27611940298507465,0.5101146400913299,0.7153445884707819,0.5170274859004453,0.7297600371869635
0.277363184079602,0.5102742459954969,0.7153843368872245,0.5177348950136759,0.7300177284289874
0.27860696517412936,0.5161352649443447,0.717305709384782,0.5182235014185301,0.7306296111212677
0.2798507462686567,0.5170274859004453,0.7175623578566548,0.5186847566377162,0.732461418432848
0.2810945273631841,0.5177348950136759,0.7191235323898978,0.5190204258163719,0.7337570503992975
0.28233830845771146,0.5182235014185301,0.7222127786203529,0.5193564904161779,0.7355920476322327
0.2835820895522388,0.5186847566377162,0.7238974098269957,0.520076325194167,0.7384986641358406
0.2848258706467662,0.5190204258163719,0.7258709503619333,0.5206371414687614,0.7389736742833497
0.2860696517412935,0.5193564904161779,0.7278907407182656,0.5234847472990029,0.7390604072561279
0.2873134328358209,0.520076325194167,0.7294422527918848,0.5269284899990876,0.7395919687840292
0.2885572139303483,0.5206371414687614,0.7297600371869635,0.5281706219023885,0.7397784567844042
0.2898009950248756,0.520689062900881,0.7300177284289874,0.5296925860599815,0.7398397134364402
0.291044776119403,0.5234847472990029,0.7306296111212677,0.5314786135560954,0.7399049952079465
0.2922885572139303,0.5269284899990876,0.7337570503992975,0.5318454490845121,0.7403781812702986
0.2935323383084577,0.5281706219023885,0.7342960453312678,0.5329913363545075,0.740443399808406
0.2947761194029851,0.5296925860599815,0.7355920476322327,0.533032868804617,0.7415331511399854
0.2960199004975124,0.5314786135560954,0.7384986641358406,0.5340648296314443,0.7421082385212817
0.2972636815920398,0.5318454490845121,0.7389736742833497,0.5384446275652882,0.7422147093407955
0.29850746268656714,0.5329913363545075,0.7390604072561279,0.5471552347181516,0.7426544648766871
0.2997512437810945,0.533032868804617,0.7395919687840292,0.5480694241277465,0.7442769387419566
0.3009950248756219,0.5384446275652882,0.7397784567844042,0.5489887401784304,0.7445720993979266
0.30223880597014924,0.5418481525577272,0.7399049952079465,0.5499444307154592,0.7447014271446685
0.3034825870646766,0.5471552347181516,0.7403781812702986,0.5524543769943793,0.7471983541799819
0.30472636815920395,0.5480694241277465,0.740443399808406,0.5539952998753187,0.7500770954212959
0.30597014925373134,0.5489887401784304,0.7421082385212817,0.5549803616287361,0.7545954554751546
0.3072139303482587,0.5499444307154592,0.7422147093407955,0.55584480657718,0.7546628503099885
0.30845771144278605,0.5524543769943793,0.7426544648766871,0.5611278627778231,0.7556727615876099
0.30970149253731344,0.5549803616287361,0.7442163037713453,0.56316266702435,0.7566483006192491
0.31094527363184077,0.55584480657718,0.7442769387419566,0.5633532483161076,0.7566904000844205
0.31218905472636815,0.5611278627778231,0.7445720993979266,0.5635830615653752,0.7584680206818759
0.31343283582089554,0.56316266702435,0.7447014271446685,0.563857612114602,0.7596547024715855
0.31467661691542287,0.5633532483161076,0.7471983541799819,0.564996140131776,0.7622679777927077
0.31592039800995025,0.5635830615653752,0.7489849825176387,0.564996140131776,0.7646009198001055
0.31716417910447764,0.563857612114602,0.7500770954212959,0.565912307861127,0.7659099122111003
0.31840796019900497,0.564996140131776,0.7546628503099885,0.5664001902143153,0.7659389482691302
0.31965174129353235,0.564996140131776,0.7556727615876099,0.5673985067698041,0.766540186271128
0.3208955223880597,0.565912307861127,0.7566483006192491,0.5682461403220614,0.7673719738208815
0.32213930348258707,0.5664001902143153,0.7566904000844205,0.5704107073683241,0.7674858379721461
0.32338308457711445,0.5673985067698041,0.7584680206818759,0.5718238834721607,0.7675483273270868
0.3246268656716418,0.5682461403220614,0.7596547024715855,0.5718359301086599,0.7707395567953262
0.32587064676616917,0.5718238834721607,0.7596890775648937,0.5724416559660194,0.7727861211805617
0.3271144278606965,0.5718359301086599,0.7646009198001055,0.5739343973083513,0.7740925385865572
0.3283582089552239,0.5724416559660194,0.7651429075623853,0.5739343973083513,0.7766486105507974
0.32960199004975127,0.5739343973083513,0.7660992455491438,0.575258413510526,0.776715231656364
0.3308457711442786,0.5739343973083513,0.766540186271128,0.5756786036637972,0.7769998296603796
0.332089552238806,0.575258413510526,0.7673719738208815,0.5757968945793772,0.7783767310191814
0.3333333333333333,0.5756786036637972,0.7675483273270868,0.5769686857937785,0.7815278103332215
0.3345771144278607,0.5757968945793772,0.7707395567953262,0.5776826751754454,0.7833277508874641
0.3358208955223881,0.5769686857937785,0.7727861211805617,0.5790186778439276,0.7852665859870395
0.3370646766169154,0.5776826751754454,0.7766486105507974,0.5791796104598085,0.7857425178439984
0.3383084577114428,0.5790186778439276,0.776715231656364,0.5830987403095836,0.7858178783538625
0.33955223880597013,0.5791796104598085,0.7783767310191814,0.5847335432422094,0.7873723679286784
0.3407960199004975,0.5830987403095836,0.7815278103332215,0.585697955774536,0.7880976952184382
0.3420398009950249,0.5847335432422094,0.7833277508874641,0.5882590531948666,0.7889598387235209
0.34328358208955223,0.585697955774536,0.7856856743963255,0.5915209184296253,0.7891065652840591
0.3445273631840796,0.5882590531948666,0.7857425178439984,0.5926016734347297,0.7898972572770615
0.34577114427860695,0.5915209184296253,0.7858178783538625,0.5928534319836123,0.7913961237635522
0.34701492537313433,0.5926016734347297,0.7873723679286784,0.5931337707447287,0.7917055260086325
0.3482587064676617,0.5928534319836123,0.7880976952184382,0.5939444146998815,0.7918062913619925
0.34950248756218905,0.5931337707447287,0.7888610918423213,0.5960886948200497,0.7927470401527804
0.35074626865671643,0.5960886948200497,0.7898972572770615,0.5976211013902866,0.7932386017307773
0.35199004975124376,0.5976211013902866,0.7913961237635522,0.598352211100879,0.794766372245283
0.35323383084577115,0.598352211100879,0.7917055260086325,0.5994500699389503,0.7955474307918943
0.35447761194029853,0.5994500699389503,0.7918062913619925,0.602702455711522,0.7959052273454627
0.35572139303482586,0.602702455711522,0.7923824046295058,0.6038776650218788,0.7960993409948608
0.35696517412935325,0.6038776650218788,0.7924871785358502,0.6040372670807453,0.7972722730642312
0.3582089552238806,0.604018123549983,0.7927470401527804,0.6045827739205912,0.7975032099466133
0.35945273631840796,0.6040372670807453,0.7932386017307773,0.6074457873879648,0.7976190476190477
0.36069651741293535,0.6045827739205912,0.794766372245283,0.6105451047231748,0.7988518943742824
0.3619402985074627,0.6074457873879648,0.7960993409948608,0.6129825133299572,0.7997378338451641
0.36318407960199006,0.6105451047231748,0.7972722730642312,0.6147572052482851,0.8013405408795732
0.3644278606965174,0.6129825133299572,0.7975032099466133,0.6154560337127578,0.8017917293880598
0.3656716417910448,0.6147572052482851,0.7988518943742824,0.6158683147649964,0.802672406346383
0.36691542288557216,0.6154560337127578,0.7996969455071415,0.6168760355073374,0.807169622776213
0.3681592039800995,0.6158683147649964,0.7997378338451641,0.6187097023637526,0.807173131155407
0.3694029850746269,0.6168760355073374,0.8013405408795732,0.6188128952823749,0.8097705577462575
0.3706467661691542,0.6187097023637526,0.801760518278715,0.6215756244758008,0.8106012658227848
0.3718905472636816,0.6188128952823749,0.8017917293880598,0.6219528279983395,0.8106211906755665
0.373134328358209,0.6215756244758008,0.802672406346383,0.6238216730742879,0.811394620486367
0.3743781094527363,0.6219528279983395,0.8030719082759121,0.6247612703937776,0.8132382502490716
0.3756218905472637,0.6238216730742879,0.8033676122725304,0.6249037564905193,0.8137479112459012
0.376865671641791,0.6239143768937956,0.8046552331049178,0.6262073867619872,0.8138596870829862
0.3781094527363184,0.6247612703937776,0.8058630813091475,0.6279548612268397,0.8141469456075762
0.3793532338308458,0.6249037564905193,0.807169622776213,0.6284872340748583,0.8143444253618002
0.3805970149253731,0.6262073867619872,0.8097705577462575,0.6301101764026177,0.8149440094888873
0.3818407960199005,0.6279548612268397,0.8106012658227848,0.6308756851624662,0.8154408133877509
0.38308457711442784,0.6284872340748583,0.8106211906755665,0.6338661699549781,0.8154608867414446
0.3843283582089552,0.6301101764026177,0.811394620486367,0.6355915874319797,0.8156555541834039
0.3855721393034826,0.6308756851624662,0.8132382502490716,0.6363836628343442,0.8157185926701209
0.38681592039800994,0.6338661699549781,0.8137479112459012,0.6374076986890596,0.8161765571538834
0.3880597014925373,0.6355915874319797,0.8138596870829862,0.6386711445171367,0.8171902881913893
0.38930348258706465,0.6363836628343442,0.8143444253618002,0.639204025460048,0.8176606128043415
0.39054726368159204,0.6374076986890596,0.8149440094888873,0.6392375988577514,0.8180189636429208
0.3917910447761194,0.6386711445171367,0.8154026047322461,0.6392702819924068,0.8192833124964067
0.39303482587064675,0.639204025460048,0.8154608867414446,0.6395042521814821,0.8193678429516674
0.39427860696517414,0.6392375988577514,0.8156555541834039,0.6395042521814821,0.8193678429516674
0.39552238805970147,0.6392702819924068,0.8161765571538834,0.6401865327651033,0.8195502880259166
0.39676616915422885,0.6395042521814821,0.8171902881913893,0.6408767464276738,0.8198679347754751
0.39800995024875624,0.6395042521814821,0.8171902881913893,0.6412661040268731,0.8217207027638486
0.39925373134328357,0.6401865327651033,0.8176606128043415,0.6430372984045437,0.8221240352632273
0.40049751243781095,0.6408767464276738,0.8180189636429208,0.6437200408300346,0.822587881322548
0.4017412935323383,0.6410532024816694,0.8192833124964067,0.6466343790358918,0.823917977448357
0.40298507462686567,0.6412661040268731,0.8193678429516674,0.6470229485769908,0.8244057306588604
0.40422885572139305,0.6416587529241817,0.8194074457066501,0.6477322903948447,0.8247027829070787
0.4054726368159204,0.6430372984045437,0.8195502880259166,0.6485598474551915,0.8263201237028761
0.40671641791044777,0.6437200408300346,0.8217207027638486,0.648856129644628,0.8276103186058688
0.4079601990049751,0.6466343790358918,0.8221240352632273,0.6498834798724831,0.8278928170019122
0.4092039800995025,0.6470229485769908,0.822587881322548,0.6506302093418078,0.8280933543198392
0.41044776119402987,0.6477322903948447,0.8244057306588604,0.6513696826540808,0.8281390801748263
0.4116915422885572,0.6485598474551915,0.8247027829070787,0.651991983374274,0.8282223984853778
0.4129353233830846,0.648856129644628,0.8263201237028761,0.6523270561892657,0.828248478170843
0.4141791044776119,0.6498834798724831,0.8278928170019122,0.6523295706918135,0.8285409544395886
0.4154228855721393,0.6506302093418078,0.8280933543198392,0.653474893194141,0.8316151202749141
0.4166666666666667,0.6513696826540808,0.8280994398681323,0.65788951831139,0.8324992927707315
0.417910447761194,0.651991983374274,0.828248478170843,0.6583639589469339,0.833915371702412
0.4191542288557214,0.6523270561892657,0.8285409544395886,0.6611073091107339,0.8347785100260136
0.42039800995024873,0.6523295706918135,0.8304817454589782,0.6626420111769369,0.8355167875215399
0.4216417910447761,0.653474893194141,0.8316151202749141,0.663529699126874,0.8357976383716889
0.4228855721393035,0.65788951831139,0.8324992927707315,0.6639454022743628,0.8363765472073006
0.42412935323383083,0.6583639589469339,0.833915371702412,0.6640566155170123,0.8374548236528631
0.4253731343283582,0.6611073091107339,0.8347785100260136,0.6645636172450052,0.8375387353866998
0.42661691542288555,0.6626420111769369,0.8349484801936325,0.6645841782953271,0.8379230977151793
0.42786069651741293,0.663529699126874,0.8355167875215399,0.6648046390100283,0.8398063979100936
0.4291044776119403,0.6639454022743628,0.8357976383716889,0.6651405170738877,0.8411302783549384
0.43034825870646765,0.6640566155170123,0.8363765472073006,0.6653329564325818,0.8417216923076769
0.43159203980099503,0.6645636172450052,0.8374548236528631,0.6654355501404162,0.8420381436330922
0.43283582089552236,0.6645723622857219,0.8379115495025131,0.6654720674174955,0.8431864889509921
0.43407960199004975,0.6645841782953271,0.8379230977151793,0.6661233895237545,0.8435950550921391
0.43532338308457713,0.6648046390100283,0.8398063979100936,0.6681338757991061,0.8439630571601501
0.43656716417910446,0.6651405170738877,0.8417216923076769,0.6687829998654102,0.844183370715055
0.43781094527363185,0.6653329564325818,0.8419481658290037,0.6713482854188433,0.8455684045332064
0.43905472636815923,0.6654355501404162,0.8420381436330922,0.6716807698483173,0.8456725836826916
0.44029850746268656,0.6654720674174955,0.8431864889509921,0.6752221507347781,0.8472514688959777
0.44154228855721395,0.6661233895237545,0.8435950550921391,0.6754238744728719,0.8478169436796033
0.4427860696517413,0.6681338757991061,0.8439630571601501,0.6755062773428557,0.8488170347003154
0.44402985074626866,0.6687829998654102,0.8449663096890921,0.6771507179440664,0.8488918622204646
0.44527363184079605,0.6713482854188433,0.8449663096890921,0.6795814210973545,0.8496746165799086
0.4465174129353234,0.6716807698483173,0.8455684045332064,0.6798864603896955,0.8499628417731431
0.44776119402985076,0.6752221507347781,0.8456725836826916,0.6810789573021206,0.8501697475878506
0.4490049751243781,0.6754238744728719,0.8457922209091725,0.68174658734153,0.8507874759805563
0.4502487562189055,0.6755062773428557,0.8458191732487235,0.6821515219458767,0.8512384036463124
0.45149253731343286,0.6771507179440664,0.8472514688959777,0.6822304680024316,0.8518996317722626
0.4527363184079602,0.6795814210973545,0.8478169436796033,0.6825375479135297,0.8527155241056202
0.4539800995024876,0.6798864603896955,0.8488918622204646,0.6839603961621886,0.855783237836263
0.4552238805970149,0.6810789573021206,0.8496746165799086,0.6855465098696013,0.8593715163392813
0.4564676616915423,0.68174658734153,0.8499628417731431,0.6857341986615137,0.8600854256574574
0.4577114427860697,0.6821515219458767,0.8507874759805563,0.6859207262546563,0.861143743214476
0.458955223880597,0.6822304680024316,0.8512384036463124,0.6891627636877397,0.8611775625609234
0.4601990049751244,0.6825375479135297,0.8517935658489669,0.6891627636877397,0.8629390939480711
0.4614427860696517,0.6839603961621886,0.8518996317722626,0.6898129826308863,0.8644221464938019
0.4626865671641791,0.6855465098696013,0.8527155241056202,0.6907155198809052,0.864553821746278
0.4639303482587065,0.6857341986615137,0.8560739993652391,0.6910906540146932,0.8648637326997879
0.4651741293532338,0.6891627636877397,0.8561593312023604,0.6914472290877698,0.8651729324647516
0.4664179104477612,0.6891627636877397,0.8593715163392813,0.6928735507617944,0.8652406048885051
0.46766169154228854,0.6898129826308863,0.8600854256574574,0.6952184520897657,0.8652406048885051
0.4689054726368159,0.6907155198809052,0.861143743214476,0.6960205664012915,0.8652613759305616
0.4701492537313433,0.6910906540146932,0.8611775625609234,0.6963573295910959,0.8652613759305616
0.47139303482587064,0.6914472290877698,0.864364759104401,0.6969191126996725,0.865846229920815
0.472636815920398,0.6928735507617944,0.8644221464938019,0.6986910954179807,0.8661539084353223
0.47388059701492535,0.6952184520897657,0.864553821746278,0.7005083281034906,0.8661539084353223
0.47512437810945274,0.6960205664012915,0.8648637326997879,0.702455073134701,0.8666659323921608
0.4763681592039801,0.6963573295910959,0.8651729324647516,0.702455073134701,0.8667815945264216
0.47761194029850745,0.6969191126996725,0.8651964331687071,0.7030312038332427,0.8668792070079534
0.47885572139303484,0.6986910954179807,0.8652406048885051,0.7040567017729,0.8671566721183684
0.48009950248756217,0.7005083281034906,0.8652406048885051,0.7041814721656425,0.8675315954360807
0.48134328358208955,0.702455073134701,0.8652613759305616,0.7049344049891616,0.8692172674455904
0.48258706467661694,0.702455073134701,0.8652613759305616,0.7052269436686556,0.8709800056048415
0.48383084577114427,0.7030312038332427,0.865846229920815,0.7057550177993555,0.8710251097710933
0.48507462686567165,0.7040567017729,0.8666659323921608,0.7064543249400449,0.8710416966540062
0.486318407960199,0.7041814721656425,0.8667815945264216,0.7067136281247767,0.871127811363953
0.48756218905472637,0.7049344049891616,0.8667815945264216,0.707155303366184,0.871127811363953
0.48880597014925375,0.7052269436686556,0.8671566721183684,0.7077315093599144,0.8719296418935997
0.4900497512437811,0.7057550177993555,0.8675315954360807,0.7077494311741055,0.8720802711784373
0.49129353233830847,0.7064543249400449,0.8692172674455904,0.7078544274771023,0.8720802711784373
0.4925373134328358,0.7067136281247767,0.8709800056048415,0.7081096553136078,0.8734428882905998
0.4937810945273632,0.707155303366184,0.871127811363953,0.708132227613004,0.8735178053687611
0.49502487562189057,0.7077315093599144,0.871127811363953,0.7085503437886098,0.8744748483818466
0.4962686567164179,0.7077494311741055,0.8719296418935997,0.7089287357321127,0.8748062620118965
0.4975124378109453,0.7078544274771023,0.8720802711784373,0.7090513669938365,0.8757434693359678
0.4987562189054726,0.7081096553136078,0.8720802711784373,0.7098132415591447,0.8759048734024486
0.5,0.708132227613004,0.8734428882905998,0.710428214633969,0.8772399740464043
0.5012437810945274,0.7085503437886098,0.8734428882905998,0.7108856747136486,0.8772708092787036
0.5024875621890548,0.7089287357321127,0.8735178053687611,0.7112356969199631,0.8772893134150617
0.503731343283582,0.7090513669938365,0.8744748483818466,0.7127462513615453,0.877300327090423
0.5049751243781094,0.7098132415591447,0.8748062620118965,0.713380235273647,0.878273007621749
0.5062189054726368,0.710428214633969,0.8757434693359678,0.7136296742898969,0.8787751491205611
0.5074626865671642,0.710428214633969,0.8758804962618696,0.7146482131785287,0.8788146977479258
0.5087064676616916,0.7108856747136486,0.8759048734024486,0.7159153051129187,0.8794833244811263
0.5099502487562189,0.7112356969199631,0.8772399740464043,0.7175607503223362,0.8795148037698384
0.5111940298507462,0.7127462513615453,0.8772708092787036,0.7181593478832501,0.8798621017779941
0.5124378109452736,0.713380235273647,0.8772893134150617,0.7189370711052708,0.8799655743927031
0.513681592039801,0.7136296742898969,0.877300327090423,0.7190517489545131,0.8806230206672788
0.5149253731343284,0.7146482131785287,0.877300327090423,0.7205597936392032,0.8807147621561396
0.5161691542288557,0.7159153051129187,0.8794833244811263,0.7208494514673669,0.8818412434184473
0.5174129353233831,0.7175607503223362,0.8795148037698384,0.7232117406791118,0.8827283441808627
0.5186567164179104,0.7189370711052708,0.8798621017779941,0.723970272570951,0.8828892329241734
0.5199004975124378,0.7190517489545131,0.8818412434184473,0.7240257758931687,0.8829409996757075
0.5211442786069652,0.7208494514673669,0.8827283441808627,0.7250932866624838,0.8830486314546415
0.5223880597014925,0.7232117406791118,0.8828892329241734,0.7253730301242193,0.8838039631487071
0.5236318407960199,0.723970272570951,0.8830486314546415,0.7254604276238517,0.8864271199126396
0.5248756218905473,0.7240257758931687,0.8838039631487071,0.7258600885990274,0.8871118410585926
0.5261194029850746,0.7250932866624838,0.8864271199126396,0.7258600885990274,0.8874479666986872
0.527363184079602,0.7254604276238517,0.8867386293667966,0.725880853673682,0.887981120633919
0.5286069651741293,0.7258600885990274,0.8874479666986872,0.7269515015902549,0.8882731976810254
0.5298507462686567,0.7258600885990274,0.8882731976810254,0.727294042104791,0.888781810106062
0.5310945273631841,0.725880853673682,0.88911469986953,0.7279249273196857,0.88911469986953
0.5323383084577115,0.7269515015902549,0.889517729581306,0.7282850792999611,0.8894965659542332
0.5335820895522388,0.727294042104791,0.8895762103399637,0.728441513631786,0.889517729581306
0.5348258706467661,0.7279249273196857,0.890665007589998,0.7285036412108266,0.8898357642686533
0.5360696517412935,0.7282850792999611,0.8911420342121416,0.728589569722473,0.8900202327026945
0.5373134328358209,0.728441513631786,0.8933780091830731,0.7286861881650756,0.8911420342121416
0.5385572139303483,0.7285036412108266,0.8936360124364134,0.7302449914538695,0.8936360124364134
0.5398009950248757,0.728589569722473,0.8936812132296019,0.7325171783231921,0.8936610861989579
0.5410447761194029,0.7286861881650756,0.893760702687542,0.7336342820355719,0.8936812132296019
0.5422885572139303,0.7302449914538695,0.8937785852648695,0.7338728942841103,0.8937420685776643
0.5435323383084577,0.7325171783231921,0.8937871714610718,0.7353032336488164,0.893760702687542
0.5447761194029851,0.7336342820355719,0.8937957562646657,0.7368632385404172,0.8937785852648695
0.5460199004975125,0.7338728942841103,0.8938506990347709,0.7391320839293571,0.8937871714610718
0.5472636815920398,0.7353032336488164,0.8938637722410149,0.739632237990213,0.8937957562646657
0.5485074626865671,0.7368632385404172,0.893970264872607,0.7422213315322526,0.8938506990347709
0.5497512437810945,0.7376817003180394,0.8944644349417076,0.7422811641201386,0.8938637722410149
0.5509950248756219,0.7391320839293571,0.8947302197459308,0.7423936065105035,0.893970264872607
0.5522388059701493,0.739632237990213,0.8947796764888005,0.7424464724268243,0.8944644349417076
0.5534825870646766,0.7422213315322526,0.895231296039231,0.7425474478353074,0.894518154897288
0.554726368159204,0.7422811641201386,0.8952516367032787,0.7437148180020028,0.8947302197459308
0.5559701492537313,0.7423936065105035,0.895289898533209,0.744604073801123,0.8947796764888005
0.5572139303482587,0.7425474478353074,0.895289898533209,0.7464557432322835,0.895231296039231
0.5584577114427861,0.7437148180020028,0.895289898533209,0.7475985879611271,0.8952516367032787
0.5597014925373134,0.744604073801123,0.8978302880932283,0.7480283911671924,0.895289898533209
0.5609452736318408,0.7464557432322835,0.8979224827655655,0.7483663820229918,0.895289898533209
0.5621890547263682,0.7475985879611271,0.8987912952997221,0.7490134118289605,0.895289898533209
0.5634328358208955,0.7480283911671924,0.898931623931624,0.7499326856844568,0.8978302880932283
0.5646766169154229,0.7483663820229918,0.8990459583190871,0.7517548093229142,0.8979224827655655
0.5659203980099502,0.7490134118289605,0.8991000043995946,0.753975707583294,0.8987912952997221
0.5671641791044776,0.7499326856844568,0.8991000043995946,0.7549782480545876,0.898931623931624
0.568407960199005,0.7517548093229142,0.8991423670668953,0.7550425426955303,0.8990459583190871
0.5696517412935324,0.753975707583294,0.900002843166213,0.7550751587235895,0.8991000043995946
0.5708955223880597,0.7549782480545876,0.9003785442004609,0.755657378858192,0.8991166106242289
0.572139303482587,0.7550425426955303,0.9004372611318181,0.7556727615876099,0.9003785442004609
0.5733830845771144,0.7550751587235895,0.9008080860465456,0.7568198149445987,0.9004372611318181
0.5746268656716418,0.755657378858192,0.9020032283544172,0.7596933693607091,0.9008080860465456
0.5758706467661692,0.7556727615876099,0.9023616941356604,0.7611567992368742,0.9020032283544172
0.5771144278606966,0.7568198149445987,0.9037593984962408,0.761817711686508,0.9023616941356604
0.5783582089552238,0.7596933693607091,0.9038004293678914,0.761846994063245,0.9030974211086632
0.5796019900497512,0.7611567992368742,0.9039264828738512,0.761903956549164,0.9037593984962408
0.5808457711442786,0.761817711686508,0.9039502164502164,0.7624500824349933,0.9039264828738512
0.582089552238806,0.761846994063245,0.9048970434771738,0.7633060214287118,0.9039502164502164
0.5833333333333334,0.761903956549164,0.905614541410718,0.7666405773759821,0.9048970434771738
0.5845771144278606,0.7624500824349933,0.9070051043707072,0.7683049395915251,0.905614541410718
0.585820895522388,0.7633060214287118,0.9073785803237858,0.7683950702539865,0.906360463258058
0.5870646766169154,0.7666405773759821,0.9078545236537026,0.7689961710999053,0.9070051043707072
0.5883084577114428,0.7683049395915251,0.9080501557332832,0.769625030477585,0.9073785803237858
0.5895522388059702,0.7683950702539865,0.9082677303323384,0.7717459993601113,0.9078545236537026
0.5907960199004975,0.7689961710999053,0.9086148630290946,0.771993435773491,0.9080501557332832
0.5920398009950248,0.769625030477585,0.9087887123006247,0.7726093011276819,0.9082677303323384
0.5932835820895522,0.7717459993601113,0.9093208665084748,0.7732293307186413,0.9086148630290946
0.5945273631840796,0.771993435773491,0.9093578150775392,0.7732293307186413,0.9093208665084748
0.595771144278607,0.7726093011276819,0.9111069257314588,0.7732714387255732,0.9111069257314588
0.5970149253731343,0.7732281228205328,0.9113091300345512,0.7735326623254398,0.9113091300345512
0.5982587064676617,0.7732293307186413,0.9116846116771036,0.7735991199940693,0.911808418664855
0.599502487562189,0.7732293307186413,0.911808418664855,0.7738589759093099,0.9123107137624812
0.6007462686567164,0.7732714387255732,0.9123107137624812,0.7739187398175069,0.912337554353712
0.6019900497512438,0.7735326623254398,0.912337554353712,0.7742077346219816,0.9124659443307512
0.6032338308457711,0.7735991199940693,0.9124659443307512,0.7750582438291175,0.9136829328741924
0.6044776119402985,0.7738589759093099,0.9131961357316214,0.7776795207167032,0.913811043218176
0.6057213930348259,0.7739187398175069,0.9136829328741924,0.7785898363990426,0.9140016243967518
0.6069651741293532,0.7742077346219816,0.9140016243967518,0.7786350865162709,0.9141201254261098
0.6082089552238806,0.7750582438291175,0.9141201254261098,0.7794553413885247,0.915115574848243
0.6094527363184079,0.7776795207167032,0.915115574848243,0.7813391636688963,0.9156891495601172
0.6106965174129353,0.7785898363990426,0.9156891495601172,0.7816843632660218,0.9183121163005534
0.6119402985074627,0.7786350865162709,0.91577091220259,0.7842895874288087,0.9185765088751654
0.6131840796019901,0.7794553413885247,0.91577091220259,0.7866208742319653,0.9186052560476432
0.6144278606965174,0.7813391636688963,0.9161026508742244,0.7903645700311194,0.9186306943546342
0.6156716417910447,0.7816843632660218,0.9165689598076384,0.7905567326951278,0.9186518480048234
0.6169154228855721,0.7842895874288087,0.9170889775804916,0.7905567326951278,0.9186687160211526
0.6181592039800995,0.7866208742319653,0.917135795408792,0.7907188901836784,0.9186687160211526
0.6194029850746269,0.7884715175568436,0.918029864913407,0.7918062913619925,0.9188343921625736
0.6206467661691543,0.7903645700311194,0.9183121163005534,0.7922817066148254,0.919108183511106
0.6218905472636815,0.7905567326951278,0.9185765088751654,0.7931319683229979,0.920897360215539
0.6231343283582089,0.7905567326951278,0.9186052560476432,0.7931740614941974,0.9210251449974356
0.6243781094527363,0.7907188901836784,0.9186687160211526,0.7951274233452255,0.9213604666410704
0.6256218905472637,0.7918062913619925,0.9188343921625736,0.7951589995246394,0.9213939302580464
0.6268656716417911,0.7922817066148254,0.920897360215539,0.7960056638783775,0.9214390514213904
0.6281094527363185,0.7931319683229979,0.9210251449974356,0.7965674937825828,0.9214528837487124
0.6293532338308457,0.7931740614941974,0.9213604666410704,0.7972339748041416,0.9214661654695678
0.6305970149253731,0.7951274233452255,0.9214390514213904,0.7975032099466133,0.921478925481514
0.6318407960199005,0.7951589995246394,0.9214528837487124,0.7978632478632479,0.9225010605132318
0.6330845771144279,0.7965674937825828,0.921478925481514,0.7983337430841213,0.9225010605132318
0.6343283582089553,0.7972339748041416,0.9225010605132318,0.7983369555123023,0.9225856427169874
0.6355721393034826,0.7975032099466133,0.9225010605132318,0.7985480943738656,0.9225931301403
0.6368159203980099,0.7978632478632479,0.9225931301403,0.798694113575735,0.922611130290612
0.6380597014925373,0.7983369555123023,0.9225931301403,0.7998601623779996,0.9227410932648732
0.6393034825870647,0.7985480943738656,0.922611130290612,0.7999416752570802,0.9227523501951764
0.6405472636815921,0.798694113575735,0.9227410932648732,0.7999800007499688,0.922810218088363
0.6417910447761194,0.7998601623779996,0.9227523501951764,0.8003668952862917,0.9228257432080372
0.6430348258706468,0.7999416752570802,0.922810218088363,0.8020821270815421,0.92284064144679
0.6442786069651741,0.7999800007499688,0.9228257432080372,0.8029286509842118,0.9228549461804438
0.6455223880597015,0.8003668952862917,0.92284064144679,0.8032595948270232,0.9228549461804438
0.6467661691542289,0.8007671967679081,0.9228549461804438,0.8033676122725304,0.9229185908438796
0.6480099502487562,0.8020821270815421,0.9228549461804438,0.8034822115514964,0.9247289737602368
0.6492537313432836,0.8029286509842118,0.9229185908438796,0.8071391486618722,0.9249146520255962
0.650497512437811,0.8032595948270232,0.9247289737602368,0.8073221082050148,0.9250338405226344
0.6517412935323383,0.8033676122725304,0.9249146520255962,0.8073968525090851,0.9250338405226344
0.6529850746268657,0.8034822115514964,0.9250338405226344,0.8075187969924812,0.9250779592927456
0.654228855721393,0.8071391486618722,0.9250338405226344,0.8076987353210989,0.9251247785330668
0.6554726368159204,0.8073221082050148,0.9251247785330668,0.8080713766988277,0.9251557149724016
0.6567164179104478,0.8073968525090851,0.9251557149724016,0.8086447665884685,0.9253295990230116
0.6579601990049752,0.8075187969924812,0.9253295990230116,0.8101364561959274,0.9253295990230116
0.6592039800995025,0.8076987353210989,0.9253295990230116,0.8109564032722831,0.9253424214710276
0.6604477611940298,0.8080713766988277,0.9253424214710276,0.8116674191727687,0.9253424214710276
0.6616915422885572,0.8086447665884685,0.9253424214710276,0.8120881898745729,0.9253893855832614
0.6629353233830846,0.8101364561959274,0.9253893855832614,0.812345837797472,0.9260893689921452
0.664179104477612,0.8109564032722831,0.9260893689921452,0.8129997914936147,0.9265012143127136
0.6654228855721394,0.8116674191727687,0.9265012143127136,0.8148777297043691,0.9265498727320478
0.6666666666666666,0.8120881898745729,0.9265498727320478,0.8151340491799831,0.9265647877387648
0.667910447761194,0.812345837797472,0.9265647877387648,0.8151919251048038,0.9265647877387648
0.6691542288557214,0.8129997914936147,0.9265647877387648,0.8154026047322461,0.926579108291255
0.6703980099502488,0.8137481064820835,0.926579108291255,0.8159960296371442,0.9280067758328628
0.6716417910447762,0.8148777297043691,0.9280067758328628,0.816181587130165,0.9286223133104856
0.6728855721393034,0.8151340491799831,0.9286223133104856,0.8179542315988362,0.9286437697123366
0.6741293532338308,0.8154026047322461,0.9286437697123366,0.818918790831681,0.9286586875433396
0.6753731343283582,0.8159960296371442,0.9286586875433396,0.8215044568515858,0.9286644635146324
0.6766169154228856,0.816181587130165,0.9286644635146324,0.8222512938995035,0.9287212320203952
0.677860696517413,0.8179542315988362,0.9287212320203952,0.8224083439134741,0.9287805448978586
0.6791044776119403,0.8181147545645879,0.9287805448978586,0.8224440344710445,0.92881444110121
0.6803482587064676,0.818918790831681,0.92881444110121,0.8231904203266092,0.9288278481214932
0.681592039800995,0.8215044568515858,0.9288278481214932,0.8233563812538154,0.9299578771338516
0.6828358208955224,0.8222512938995035,0.9299578771338516,0.8233563812538154,0.9300646691911894
0.6840796019900498,0.8224083439134741,0.9299578771338516,0.8235298558051889,0.9305385930871034
0.6853233830845771,0.8224440344710445,0.9300646691911894,0.8235385882888947,0.9319829325488984
0.6865671641791045,0.8231904203266092,0.9305385930871034,0.8237293432018498,0.9328267501826658
0.6878109452736318,0.8233563812538154,0.9319829325488984,0.8245062563430061,0.9329591163531028
0.6890547263681592,0.8233563812538154,0.9329591163531028,0.8246153631357103,0.9330228307857206
0.6902985074626866,0.8235298558051889,0.9330228307857206,0.825411870083804,0.9330228307857206
0.6915422885572139,0.8235385882888947,0.9343209338747772,0.8276682905679235,0.9343209338747772
0.6927860696517413,0.8237293432018498,0.9344101442067968,0.8276682905679235,0.9344101442067968
0.6940298507462687,0.8245062563430061,0.934516205010926,0.8303061448473142,0.934516205010926
0.695273631840796,0.8246153631357103,0.934516205010926,0.8307857794820044,0.934516205010926
0.6965174129353234,0.825411870083804,0.9345372585055908,0.8308742509312077,0.9345372585055908
0.6977611940298507,0.8276682905679235,0.9346415961719216,0.8317079777868075,0.9346633113683116
0.6990049751243781,0.8276682905679235,0.9346633113683116,0.8317079777868075,0.9347769262810016
0.7002487562189055,0.8307857794820044,0.9347769262810016,0.8317273480073795,0.934918237219876
0.7014925373134329,0.8308742509312077,0.9347769262810016,0.8317687531220942,0.9349312196852604
0.7027363184079602,0.8317079777868075,0.934918237219876,0.8330269552266286,0.935777003494116
0.7039800995024875,0.8317079777868075,0.9349312196852604,0.833392111241343,0.935777003494116
0.7052238805970149,0.8317273480073795,0.935777003494116,0.8334925026588453,0.935962145503906
0.7064676616915423,0.8317687531220942,0.935777003494116,0.834247738880517,0.9369487320837928
0.7077114427860697,0.8330269552266286,0.9369487320837928,0.8347785100260136,0.9376668736428948
0.7089552238805971,0.833392111241343,0.9376668736428948,0.8349509214914423,0.9387627960022382
0.7101990049751243,0.8334925026588453,0.9387627960022382,0.8357926216684929,0.94056522364447
0.7114427860696517,0.834247738880517,0.94056522364447,0.8376520891251567,0.9417044026068632
0.7126865671641791,0.8347785100260136,0.9407684598643984,0.8386286515647001,0.9417769569359876
0.7139303482587065,0.8349509214914423,0.9417044026068632,0.8386286515647001,0.9419233588674704
0.7151741293532339,0.8357926216684929,0.9417769569359876,0.8405271954074852,0.9419233588674704
0.7164179104477612,0.8376520891251567,0.9419233588674704,0.8405566804177597,0.9419562064535864
0.7176616915422885,0.8386286515647001,0.9419233588674704,0.8406121894101876,0.9420598884708518
0.7189054726368159,0.8386286515647001,0.9419562064535864,0.8417851795047606,0.9421657054159996
0.7201492537313433,0.8405566804177597,0.9420598884708518,0.8418847869419426,0.9422562364676462
0.7213930348258707,0.8406121894101876,0.9421657054159996,0.8431864889509921,0.94227136885993
0.722636815920398,0.8417851795047606,0.94227136885993,0.8438570102881443,0.942328873971809
0.7238805970149254,0.8418847869419426,0.942328873971809,0.8439588450004644,0.9424159587875826
0.7251243781094527,0.8431864889509921,0.94242161233144,0.844063028637888,0.94242161233144
0.7263681592039801,0.8438570102881443,0.9424406128686664,0.8441558441558441,0.9424406128686664
0.7276119402985075,0.8439588450004644,0.9430633411565292,0.8457922209091725,0.9430633411565292
0.7288557213930348,0.844063028637888,0.9435435435435436,0.8460187540159174,0.9439105416147594
0.7300995024875622,0.8441558441558441,0.9439105416147594,0.846394494578068,0.9439276485788114
0.7313432835820896,0.8457922209091725,0.9439276485788114,0.8475062537048182,0.9440717273367292
0.7325870646766169,0.8460187540159174,0.9440717273367292,0.8475062537048182,0.9466862928125224
0.7338308457711443,0.846394494578068,0.9466862928125224,0.8478382290193835,0.9469851324363034
0.7350746268656716,0.8475062537048182,0.9469851324363034,0.8498017903127886,0.9470151889791592
0.736318407960199,0.8475062537048182,0.9470151889791592,0.8503392987960294,0.9482407119298316
0.7375621890547264,0.8478382290193835,0.9482407119298316,0.8506208502506943,0.9483230613570433
0.7388059701492538,0.8498017903127886,0.9483230613570433,0.8511951538572936,0.9486585408249364
0.7400497512437811,0.8503392987960294,0.9486585408249364,0.8513342759359882,0.9495943204868156
0.7412935323383084,0.8506208502506943,0.9495943204868156,0.8517950224088126,0.9496056782334384
0.7425373134328358,0.8511951538572936,0.9496056782334384,0.853260913766888,0.9496270048489368
0.7437810945273632,0.8513342759359882,0.9496270048489368,0.8537341087987279,0.9496270048489368
0.7450248756218906,0.8517950224088126,0.9496270048489368,0.85477060302926,0.9496466431095406
0.746268656716418,0.853260913766888,0.9496466431095406,0.85477060302926,0.9496466431095406
0.7475124378109452,0.8537341087987279,0.9496466431095406,0.8556390977443609,0.9496466431095406
0.7487562189054726,0.85477060302926,0.9496466431095406,0.8558136590923476,0.9496558843771508
0.75,0.85477060302926,0.9496558843771508,0.8562625625860215,0.950603728123243
0.7512437810945274,0.8556390977443609,0.950603728123243,0.8565058071678219,0.9506273961156588
0.7524875621890548,0.8558136590923476,0.9506273961156588,0.8566104943827733,0.9507685712477196
0.753731343283582,0.8562625625860215,0.9507685712477196,0.8568792784485836,0.9507926576264286
0.7549751243781094,0.8565058071678219,0.9507926576264286,0.8601801584918357,0.9508147303171256
0.7562189054726368,0.8566104943827733,0.9508147303171256,0.8615314946482846,0.9508147303171256
0.7574626865671642,0.8568792784485836,0.9508350081965036,0.8631528579128172,0.9508350081965036
0.7587064676616916,0.8596257543321697,0.9508350081965036,0.8632181827718651,0.9508350081965036
0.7599502487562189,0.8601801584918357,0.9508350081965036,0.8635944700460829,0.9508350081965036
0.7611940298507462,0.8615314946482846,0.9508445344185508,0.8643388872787436,0.9508445344185508
0.7624378109452736,0.8631528579128172,0.9508445344185508,0.864553821746278,0.9508445344185508
0.763681592039801,0.8632181827718651,0.9508536811280004,0.8648288813880121,0.9508536811280004
0.7649253731343284,0.8635944700460829,0.9508536811280004,0.8651315187324202,0.9508536811280004
0.7661691542288557,0.8643388872787436,0.9508624682629966,0.8659349621085508,0.9508624682629966
0.7674129353233831,0.864553821746278,0.9517460317460318,0.8661417207243898,0.9517460317460318
0.7686567164179104,0.8648288813880121,0.9519101425881088,0.8661712971463077,0.9519101425881088
0.7699004975124378,0.8651315187324202,0.9519973697188888,0.8662269275280683,0.9519973697188888
0.7711442786069652,0.8659349621085508,0.9520078180525942,0.8662531047250098,0.9520078180525942
0.7723880597014925,0.86607870362234,0.9520178441747068,0.8668425979752797,0.9520178441747068
0.7736318407960199,0.8661417207243898,0.9520274705852648,0.8675315954360807,0.9520274705852648
0.7748756218905473,0.8661712971463077,0.9520274705852648,0.8683601628739193,0.9520274705852648
0.7761194029850746,0.8662269275280683,0.9520274705852648,0.8690358476213303,0.9520274705852648
0.777363184079602,0.8662531047250098,0.9520274705852648,0.8693864155485365,0.9520274705852648
0.7786069651741293,0.8668425979752797,0.9529531248281092,0.8708040975364973,0.9529531248281092
0.7798507462686567,0.8675315954360807,0.9530865440370216,0.870879654458077,0.9530865440370216
0.7810945273631841,0.8683601628739193,0.953096927644706,0.8718124939235257,0.953096927644706
0.7823383084577115,0.8690358476213303,0.953096927644706,0.8718683010367252,0.953096927644706
0.7835820895522388,0.8693864155485365,0.9531068859729094,0.8719345004903233,0.9531068859729094
0.7848258706467661,0.8708040975364973,0.9531164419881344,0.8720584526529668,0.9531164419881344
0.7860696517412935,0.870879654458077,0.953125617123654,0.8734689063645772,0.953125617123654
0.7873134328358209,0.8718124939235257,0.9541021921341072,0.8754286218347661,0.9541021921341072
0.7885572139303483,0.8718683010367252,0.9541822144437472,0.876152123366232,0.9541822144437472
0.7898009950248757,0.8719345004903233,0.9558450335423102,0.8768939182287744,0.9551452096626468
0.7910447761194029,0.8720584526529668,0.9561732579904756,0.8770482357252238,0.9551452096626468
0.7922885572139303,0.8734689063645772,0.9562029632298928,0.8773286016687577,0.9558450335423102
0.7935323383084577,0.8754286218347661,0.9565563234854496,0.8775009359880059,0.9561732579904756
0.7947761194029851,0.8768939182287744,0.9566070415606768,0.8780468504868942,0.9562029632298928
0.7960199004975125,0.8770482357252238,0.9566959682012458,0.8781049753364818,0.9565563234854496
0.7972636815920398,0.8773286016687577,0.9567711110313216,0.8787922800728563,0.9566959682012458
0.7985074626865671,0.8775009359880059,0.9568902828709857,0.8790416656572321,0.9567711110313216
0.7997512437810945,0.8780468504868942,0.9587141875953964,0.8790537849133855,0.9568902828709857
0.8009950248756219,0.8781049753364818,0.959581589958159,0.8795148037698384,0.9587141875953964
0.8022388059701493,0.8787922800728563,0.959724517906336,0.8807147621561396,0.959581589958159
0.8034825870646766,0.8790416656572321,0.9597308934337998,0.8809558858508745,0.9596158278908952
0.804726368159204,0.8790537849133855,0.9601097330974608,0.8827283441808627,0.959724517906336
0.8059701492537313,0.8795148037698384,0.9604288878091384,0.8830560575597077,0.9597308934337998
0.8072139303482587,0.8807147621561396,0.9604288878091384,0.8832064605059254,0.9601097330974608
0.8084577114427861,0.8809558858508745,0.9604956277253404,0.8835441219502421,0.9604288878091384
0.8097014925373134,0.8827283441808627,0.9626873290048592,0.8847067290392228,0.9604288878091384
0.8109452736318408,0.8830560575597077,0.962798435157764,0.8849835692028458,0.9604956277253404
0.8121890547263682,0.8832064605059254,0.9631918962926964,0.8850307617927904,0.9626873290048592
0.8134328358208955,0.8835441219502421,0.9632097387692076,0.8850307617927904,0.962798435157764
0.8146766169154229,0.8847067290392228,0.9632710711230692,0.8860496745048665,0.9631918962926964
0.8159203980099502,0.8849835692028458,0.963958167610313,0.8873493065124745,0.9632097387692076
0.8171641791044776,0.8850307617927904,0.9652058119180832,0.8880665204678363,0.963958167610313
0.818407960199005,0.8850307617927904,0.965618556608052,0.8881529851040115,0.9652058119180832
0.8196517412935324,0.8860496745048665,0.9657235376749974,0.888781810106062,0.965618556608052
0.8208955223880597,0.8873493065124745,0.9657508295542676,0.888949046000988,0.9657235376749974
0.822139303482587,0.8880665204678363,0.965786396068954,0.888949046000988,0.9657508295542676
0.8233830845771144,0.888781810106062,0.9669993873511644,0.8899970598104724,0.965786396068954
0.8246268656716418,0.888949046000988,0.9669993873511644,0.8899970598104724,0.9669993873511644
0.8258706467661692,0.888949046000988,0.9679164452048324,0.8900202327026945,0.9678107676300676
0.8271144278606966,0.8899970598104724,0.968031883210042,0.8900202327026945,0.9679164452048324
0.8283582089552238,0.8899970598104724,0.9680893017781288,0.8900424935391039,0.968031883210042
0.8296019900497512,0.8899970598104724,0.9687451552347672,0.8900424935391039,0.9680893017781288
0.8308457711442786,0.8900202327026945,0.9689680752701868,0.8900424935391039,0.9687451552347672
0.832089552238806,0.8900202327026945,0.9694226395296184,0.8905495258748468,0.9689680752701868
0.8333333333333334,0.8900424935391039,0.9697242451139736,0.8905677717058239,0.9694226395296184
0.8345771144278606,0.8900424935391039,0.9697721460565752,0.891471502667902,0.9697242451139736
0.835820895522388,0.8900424935391039,0.9698999341957608,0.8923300551928465,0.9697721460565752
0.8370646766169154,0.8905495258748468,0.9710323125618178,0.8925924666248366,0.9698999341957608
0.8383084577114428,0.8905677717058239,0.9716038171571956,0.8928083169289905,0.9710323125618178
0.8395522388059702,0.891471502667902,0.9723955528748502,0.8928083169289905,0.9716038171571956
0.8407960199004975,0.8923300551928465,0.9726551759417656,0.8931147512745948,0.9723955528748502
0.8420398009950248,0.8925924666248366,0.9730686606667986,0.8931393182066383,0.9726551759417656
0.8432835820895522,0.8928083169289905,0.9730849205921016,0.8937420685776643,0.9730849205921016
0.8445273631840796,0.8928083169289905,0.9731611587966156,0.8946130960852836,0.9731611587966156
0.845771144278607,0.8931147512745948,0.9744570826051888,0.895231296039231,0.9744570826051888
0.8470149253731343,0.8931393182066383,0.9744817908745896,0.8956119282292356,0.9744817908745896
0.8482587064676617,0.893545025689111,0.9744817908745896,0.8957082088258466,0.9744817908745896
0.849502487562189,0.8937420685776643,0.9744817908745896,0.8958754391965424,0.9744817908745896
0.8507462686567164,0.895231296039231,0.9744873226362234,0.8979224827655655,0.9744873226362234
0.8519900497512438,0.8956119282292356,0.974497709964638,0.8982193482878725,0.974497709964638
0.8532338308457711,0.8957082088258466,0.9745025898029496,0.9000115795313556,0.9745025898029496
0.8544776119402985,0.8958754391965424,0.9745025898029496,0.9003989249848233,0.9745025898029496
0.8557213930348259,0.8979224827655655,0.9745072752577074,0.9005483551986071,0.9745072752577074
0.8569651741293532,0.8982193482878725,0.974511776539606,0.9038004293678914,0.974511776539606
0.8582089552238806,0.9000115795313556,0.9755790003710167,0.9049235325181328,0.9755790003710167
0.8594527363184079,0.9003989249848233,0.9757021015350044,0.904984747937309,0.9757021015350044
0.8606965174129353,0.9005483551986071,0.9757021015350044,0.904996272013742,0.9757021015350044
0.8619402985074627,0.9038004293678914,0.9757076446566204,0.9066243572412748,0.9757076446566204
0.8631840796019901,0.9049235325181328,0.9757076446566204,0.9075641915336572,0.9757076446566204
0.8644278606965174,0.904984747937309,0.9757076446566204,0.9079825442291556,0.9757076446566204
0.8656716417910447,0.9066243572412748,0.9757076446566204,0.9105853548023366,0.9757076446566204
0.8669154228855721,0.9075641915336572,0.9757129576035196,0.9113091300345512,0.9757129576035196
0.8681592039800995,0.9079825442291556,0.9757180529762424,0.9121403400793104,0.9757180529762424
0.8694029850746269,0.9093012386291156,0.9757180529762424,0.9121403400793104,0.9757180529762424
0.8706467661691543,0.9105853548023366,0.9757229425227256,0.9121896821183209,0.9757229425227256
0.8718905472636815,0.9113091300345512,0.9757229425227256,0.9122255625840584,0.9757229425227256
0.8731343283582089,0.9121403400793104,0.9757229425227256,0.9122255625840584,0.9757229425227256
0.8743781094527363,0.9121896821183209,0.9757229425227256,0.9131961357316214,0.9757229425227256
0.8756218905472637,0.9122255625840584,0.9757276372067598,0.9132331445637548,0.9757276372067598
0.8768656716417911,0.9122255625840584,0.9757276372067598,0.9148451730418944,0.9757276372067598
0.8781094527363185,0.9131961357316214,0.9757276372067598,0.915115574848243,0.9757276372067598
0.8793532338308457,0.9132331445637548,0.9757276372067598,0.9167699068867312,0.9757276372067598
0.8805970149253731,0.9148451730418944,0.9757321472701072,0.917582016946752,0.9757321472701072
0.8818407960199005,0.915115574848243,0.9757321472701072,0.9183882619567711,0.9757321472701072
0.8830845771144279,0.9167699068867312,0.9757321472701072,0.9185474375057984,0.9757321472701072
0.8843283582089553,0.917582016946752,0.9757321472701072,0.9186052560476432,0.9757321472701072
0.8855721393034826,0.9183882619567711,0.9757321472701072,0.918700390986542,0.9757321472701072
0.8868159203980099,0.9185474375057984,0.9767919573240864,0.919449035812672,0.9767919573240864
0.8880597014925373,0.9186052560476432,0.976831024925844,0.9204885097286276,0.976831024925844
0.8893034825870647,0.918700390986542,0.976831024925844,0.9211377134451996,0.976831024925844
0.8905472636815921,0.919449035812672,0.976831024925844,0.9223654435656534,0.976831024925844
0.8917910447761194,0.9204885097286276,0.976831024925844,0.922810218088363,0.976831024925844
0.8930348258706468,0.9211377134451996,0.9768357283106084,0.9248192759704624,0.9768357283106084
0.8942786069651741,0.9223654435656534,0.9768357283106084,0.9249146520255962,0.9768357283106084
0.8955223880597015,0.922810218088363,0.97684024664726,0.9250243797288716,0.97684024664726
0.8967661691542289,0.9248192759704624,0.97684024664726,0.9250338405226344,0.97684024664726
0.8980099502487562,0.9249146520255962,0.97684024664726,0.92544586470339,0.97684024664726
0.8992537313432836,0.9250243797288716,0.9771599495576038,0.9265647877387648,0.9771599495576038
0.900497512437811,0.9250338405226344,0.9778416497964422,0.926579108291255,0.9778416497964422
0.9017412935323383,0.92544586470339,0.97784636142362,0.9295387032912652,0.97784636142362
0.9029850746268657,0.9265647877387648,0.9787403600075416,0.9297831414062993,0.9787403600075416
0.904228855721393,0.926579108291255,0.9787807440721558,0.9319371883389372,0.9787807440721558
0.9054726368159204,0.9295387032912652,0.9796472968398584,0.9319829325488984,0.9787928466955133
0.9067164179104478,0.9297831414062993,0.9796577322818556,0.9325705568268498,0.9796472968398584
0.9079601990049752,0.9319371883389372,0.980342062553018,0.9326530612244898,0.9796577322818556
0.9092039800995025,0.9319829325488984,0.9810888642298522,0.9329591163531028,0.980342062553018
0.9104477611940298,0.9325705568268498,0.9824865589747714,0.934516205010926,0.9810888642298522
0.9116915422885572,0.9326530612244898,0.9846297507212524,0.9346633113683116,0.9824865589747714
0.9129353233830846,0.9329591163531028,0.9850708067674404,0.9348090963249116,0.9846297507212524
0.914179104477612,0.934516205010926,0.9854866517173262,0.934904722930955,0.9850708067674404
0.9154228855721394,0.9346633113683116,0.9854866517173262,0.9384920890983272,0.9854866517173262
0.9166666666666666,0.9348090963249116,0.9859149858716753,0.9387627960022382,0.9854866517173262
0.917910447761194,0.934904722930955,0.9887707045792272,0.9389212602818618,0.9859149858716753
0.9191542288557214,0.9384920890983272,1.0,0.9393294534333309,0.9887707045792272
0.9203980099502488,0.9387627960022382,1.0,0.9412722695065544,1.0
0.9216417910447762,0.9389212602818618,1.0,0.9419959245342204,1.0
0.9228855721393034,0.9393294534333309,1.0,0.9420598884708518,1.0
0.9241293532338308,0.9412722695065544,1.0,0.9424176721000352,1.0
0.9253731343283582,0.9419959245342204,1.0,0.94505351950074,1.0
0.9266169154228856,0.9424176721000352,1.0,0.9451997969001492,1.0
0.927860696517413,0.9439105416147594,1.0,0.9477689042977498,1.0
0.9291044776119403,0.9439373519187142,1.0,0.9477689042977498,1.0
0.9303482587064676,0.94505351950074,1.0,0.9496270048489368,1.0
0.931592039800995,0.9451997969001492,1.0,0.9496370235934664,1.0
0.9328358208955224,0.9477689042977498,1.0,0.9496558843771508,1.0
0.9340796019900498,0.9477689042977498,1.0,0.950803931263932,1.0
0.9353233830845771,0.9477689042977498,1.0,0.9527866142657274,1.0
0.9365671641791045,0.9496270048489368,1.0,0.9529531248281092,1.0
0.9378109452736318,0.9496370235934664,1.0,0.953040235918448,1.0
0.9390547263681592,0.9496558843771508,1.0,0.9530865440370216,1.0
0.9402985074626866,0.950803931263932,1.0,0.953096927644706,1.0
0.9415422885572139,0.9516693130345848,1.0,0.9531068859729094,1.0
0.9427860696517413,0.9527866142657274,1.0,0.9541508215541364,1.0
0.9440298507462687,0.9529531248281092,1.0,0.9545336315612524,1.0
0.945273631840796,0.953040235918448,1.0,0.9561583670374116,1.0
0.9465174129353234,0.953096927644706,1.0,0.9561732579904756,1.0
0.9477611940298507,0.9531068859729094,1.0,0.9566070415606768,1.0
0.9490049751243781,0.9541508215541364,1.0,0.9566070415606768,1.0
0.9502487562189055,0.9545336315612524,1.0,0.9566534291590708,1.0
0.9514925373134329,0.9561583670374116,1.0,0.958699897484632,1.0
0.9527363184079602,0.9566070415606768,1.0,0.9587980319268868,1.0
0.9539800995024875,0.9566534291590708,1.0,0.9595133819951338,1.0
0.9552238805970149,0.958699897484632,1.0,0.959632590176444,1.0
0.9564676616915423,0.9595133819951338,1.0,0.9601097330974608,1.0
0.9577114427860697,0.959632590176444,1.0,0.9603383743335132,1.0
0.9589552238805971,0.9601097330974608,1.0,0.9629255801347508,1.0
0.9601990049751243,0.9603383743335132,1.0,0.9650201335169782,1.0
0.9614427860696517,0.9629255801347508,1.0,0.965618556608052,1.0
0.9626865671641791,0.9650201335169782,1.0,0.9697721460565752,1.0
0.9639303482587065,0.965618556608052,1.0,0.9698999341957608,1.0
0.9651741293532339,0.9697721460565752,1.0,0.9714942562456332,1.0
0.9664179104477612,0.9698999341957608,1.0,0.9724035681277,1.0
0.9676616915422885,0.9714942562456332,1.0,0.9726551759417656,1.0
0.9689054726368159,0.9724035681277,1.0,0.9744817908745896,1.0
0.9701492537313433,0.9726551759417656,1.0,0.9744873226362234,1.0
0.9713930348258707,0.9744817908745896,1.0,0.9755790003710167,1.0
0.972636815920398,0.9744873226362234,1.0,0.9757129576035196,1.0
0.9738805970149254,0.9755790003710167,1.0,0.9757180529762424,1.0
0.9751243781094527,0.9757129576035196,1.0,0.9757229425227256,1.0
0.9763681592039801,0.9757229425227256,1.0,0.9757229425227256,1.0
0.9776119402985075,0.9757229425227256,1.0,0.9757229425227256,1.0
0.9788557213930348,0.9757276372067598,1.0,0.9757276372067598,1.0
0.9800995024875622,0.976831024925844,1.0,0.976831024925844,1.0
0.9813432835820896,0.9771599495576038,1.0,0.9771599495576038,1.0
0.9825870646766169,0.9887707045792272,1.0,0.9887707045792272,1.0
0.9838308457711443,1.0,1.0,1.0,1.0
0.9850746268656716,1.0,1.0,1.0,1.0
0.986318407960199,1.0,1.0,1.0,1.0
0.9875621890547264,1.0,1.0,1.0,1.0
0.9888059701492538,1.0,1.0,1.0,1.0
0.9900497512437811,1.0,1.0,1.0,1.0
0.9912935323383084,1.0,1.0,1.0,1.0
0.9925373134328358,1.0,1.0,1.0,1.0
0.9937810945273632,1.0,1.0,1.0,1.0
0.9950248756218906,1.0,1.0,1.0,1.0
0.996268656716418,1.0,1.0,1.0,1.0
0.9975124378109452,1.0,1.0,1.0,1.0
0.9987562189054726,1.0,1.0,1.0,1.0
1.0,1.0,1.0,1.0,1.0
