truth_len,ref_pairs,ref_pk_pairs,ref_pair_density,top1_f1,top100_f1,delta_f1
73,12,2,0.1643835616438356,0.4516129032258065,0.7096774193548387,0.25806451612903225
49,14,8,0.2857142857142857,0.7647058823529412,0.8148148148148148,0.050108932461873534
35,7,3,0.2,0.375,0.4615384615384615,0.08653846153846151
38,13,0,0.34210526315789475,0.375,0.7000000000000001,0.32500000000000007
75,20,4,0.26666666666666666,0.8,0.8571428571428571,0.05714285714285705
73,22,5,0.3013698630136986,0.5263157894736842,0.5263157894736842,0.0
75,15,0,0.2,0.5641025641025641,0.8571428571428571,0.293040293040293
67,20,5,0.29850746268656714,0.8636363636363635,0.9743589743589743,0.1107226107226108
37,15,0,0.40540540540540543,0.8666666666666667,1.0,0.1333333333333333
75,21,5,0.28,0.8421052631578947,0.9268292682926829,0.08472400513478817
74,20,0,0.2702702702702703,0.9090909090909091,0.975609756097561,0.0665188470066519
77,9,0,0.11688311688311688,0.5294117647058824,0.6428571428571429,0.11344537815126055
48,16,0,0.3333333333333333,0.7586206896551724,0.7857142857142857,0.027093596059113323
37,13,0,0.35135135135135137,1.0,1.0,0.0
57,18,0,0.3157894736842105,0.2105263157894737,0.918918918918919,0.7083926031294453
70,20,0,0.2857142857142857,0.7727272727272727,0.8780487804878048,0.10532150776053206
125,32,0,0.256,0.5915492957746479,0.7042253521126761,0.11267605633802824
127,35,0,0.2755905511811024,0.5675675675675675,0.6756756756756757,0.10810810810810811
75,22,5,0.29333333333333333,0.7272727272727273,0.9545454545454546,0.2272727272727273
150,40,0,0.26666666666666666,0.43181818181818177,0.7710843373493975,0.33926615553121575
45,7,0,0.15555555555555556,0.7368421052631579,0.7777777777777778,0.040935672514619936
74,20,5,0.2702702702702703,0.8636363636363635,0.9500000000000001,0.08636363636363653
74,18,4,0.24324324324324326,0.918918918918919,0.9444444444444444,0.02552552552552545
75,21,5,0.28,0.8837209302325582,0.9523809523809523,0.06866002214839417
47,16,0,0.3404255319148936,0.7058823529411765,0.9411764705882353,0.23529411764705876
47,16,0,0.3404255319148936,0.7058823529411765,0.9411764705882353,0.23529411764705876
74,18,0,0.24324324324324326,0.6829268292682927,0.8947368421052632,0.21181001283697043
49,16,0,0.32653061224489793,0.9411764705882353,0.9696969696969697,0.028520499108734443
155,49,0,0.3161290322580645,0.8041237113402061,0.8282828282828283,0.024159116942622183
88,25,4,0.2840909090909091,0.72,0.7307692307692308,0.010769230769230864
237,63,3,0.26582278481012656,0.5899280575539567,0.5899280575539567,0.0
46,15,0,0.32608695652173914,0.7586206896551724,0.9655172413793104,0.206896551724138
229,56,17,0.2445414847161572,0.6956521739130435,0.7169811320754718,0.021328958162428302
73,25,9,0.3424657534246575,0.9583333333333334,0.96,0.0016666666666665941
66,21,8,0.3181818181818182,0.8372093023255814,0.8500000000000001,0.01279069767441865
298,86,7,0.28859060402684567,0.5197740112994349,0.5443786982248521,0.024604686925417174
72,10,0,0.1388888888888889,0.5882352941176471,0.7407407407407407,0.15250544662309362
72,17,5,0.2361111111111111,0.7804878048780487,0.8888888888888888,0.10840108401084014
31,9,0,0.2903225806451613,0.0,0.0,0.0
78,21,4,0.2692307692307692,0.43478260869565216,0.6976744186046512,0.262891809908999
75,16,0,0.21333333333333335,0.7804878048780487,0.8648648648648648,0.0843770599868161
62,11,1,0.1774193548387097,0.6060606060606061,0.7142857142857143,0.10822510822510822
74,14,0,0.1891891891891892,0.5945945945945946,0.6285714285714286,0.03397683397683393
65,13,0,0.2,0.888888888888889,0.9230769230769231,0.03418803418803418
71,17,4,0.23943661971830985,0.7999999999999999,0.8421052631578947,0.04210526315789476
34,12,0,0.35294117647058826,1.0,1.0,0.0
57,14,0,0.24561403508771928,0.9032258064516129,0.9655172413793104,0.06229143492769751
36,12,0,0.3333333333333333,0.8571428571428571,1.0,0.1428571428571429
135,7,3,0.05185185185185185,0.1702127659574468,0.21739130434782608,0.04717853839037928
76,17,0,0.2236842105263158,0.7906976744186047,0.8947368421052632,0.10403916768665844
62,11,0,0.1774193548387097,0.3225806451612903,0.45161290322580644,0.12903225806451613
46,21,0,0.45652173913043476,1.0,1.0,0.0
71,21,0,0.29577464788732394,0.8260869565217391,0.9545454545454545,0.12845849802371534
71,21,0,0.29577464788732394,0.8260869565217391,0.9545454545454545,0.12845849802371534
33,7,0,0.21212121212121213,0.8235294117647058,0.9333333333333333,0.1098039215686275
68,22,7,0.3235294117647059,0.9523809523809523,0.9767441860465117,0.02436323366555937
52,11,5,0.21153846153846154,0.8333333333333333,0.8333333333333333,0.0
159,43,0,0.27044025157232704,0.7708333333333334,0.8131868131868132,0.042353479853479814
48,15,0,0.3125,0.9375,0.967741935483871,0.030241935483870996
35,6,3,0.17142857142857143,0.8571428571428571,0.8571428571428571,0.0
102,32,0,0.3137254901960784,0.08823529411764706,0.9411764705882353,0.8529411764705882
72,16,0,0.2222222222222222,0.8421052631578948,0.8571428571428572,0.015037593984962405
76,21,0,0.27631578947368424,0.7111111111111111,0.888888888888889,0.1777777777777778
38,9,0,0.23684210526315788,0.6666666666666666,0.8888888888888888,0.2222222222222222
84,13,0,0.15476190476190477,0.0975609756097561,0.25,0.1524390243902439
71,18,0,0.2535211267605634,0.9,0.918918918918919,0.018918918918918948
77,14,0,0.18181818181818182,0.7368421052631579,0.8235294117647058,0.08668730650154799
88,33,7,0.375,0.9253731343283583,0.96875,0.04337686567164167
74,19,0,0.25675675675675674,0.8636363636363636,0.9500000000000001,0.08636363636363642
81,29,8,0.35802469135802467,0.9180327868852458,0.9655172413793104,0.047484454494064576
78,13,0,0.16666666666666666,0.47368421052631576,0.7647058823529412,0.29102167182662547
90,20,0,0.2222222222222222,0.6938775510204082,0.8444444444444444,0.15056689342403629
161,53,23,0.32919254658385094,0.6666666666666667,0.6666666666666667,0.0
77,20,0,0.2597402597402597,0.358974358974359,0.6341463414634146,0.27517198248905567
215,61,7,0.2837209302325581,0.7384615384615385,0.7441860465116278,0.005724508050089283
173,59,21,0.34104046242774566,0.6837606837606838,0.8034188034188032,0.11965811965811946
52,15,0,0.28846153846153844,0.6206896551724138,1.0,0.3793103448275862
64,16,0,0.25,0.9696969696969697,0.9696969696969697,0.0
69,18,0,0.2608695652173913,0.7391304347826088,0.8372093023255813,0.09807886754297257
107,25,5,0.2336448598130841,0.5555555555555556,0.6122448979591836,0.056689342403627996
69,15,5,0.21739130434782608,0.7000000000000001,0.8235294117647058,0.12352941176470578
36,9,0,0.25,0.7368421052631577,0.823529411764706,0.08668730650154821
136,34,11,0.25,0.7088607594936709,0.7368421052631577,0.027981345769486854
46,12,0,0.2608695652173913,0.923076923076923,1.0,0.07692307692307698
61,12,2,0.19672131147540983,0.5454545454545454,0.6896551724137931,0.14420062695924774
128,32,9,0.25,0.7777777777777777,0.7887323943661971,0.010954616588419452
69,22,9,0.3188405797101449,0.8510638297872342,0.8837209302325582,0.032657100445323994
93,25,0,0.26881720430107525,0.7450980392156863,0.816326530612245,0.07122849139655874
74,9,0,0.12162162162162163,0.5,0.5517241379310346,0.051724137931034586
76,10,3,0.13157894736842105,0.2631578947368421,0.35714285714285715,0.09398496240601506
75,21,5,0.28,0.975609756097561,0.975609756097561,0.0
206,61,10,0.2961165048543689,0.12403100775193798,0.2857142857142857,0.16168327796234772
184,29,0,0.15760869565217392,0.2682926829268293,0.29729729729729726,0.029004614370467974
80,14,0,0.175,0.16216216216216214,0.47058823529411764,0.30842607313195547
84,19,0,0.2261904761904762,0.7391304347826088,0.8837209302325582,0.1445904954499494
74,19,5,0.25675675675675674,0.9,0.9230769230769231,0.023076923076923106
96,18,0,0.1875,0.3921568627450981,0.5,0.10784313725490191
71,24,9,0.3380281690140845,0.8333333333333334,0.9361702127659574,0.10283687943262398
48,15,0,0.3125,1.0,1.0,0.0
91,23,3,0.25274725274725274,0.2553191489361702,0.5599999999999999,0.30468085106382975
51,9,4,0.17647058823529413,0.18181818181818185,0.4166666666666667,0.23484848484848483
35,11,0,0.3142857142857143,0.9565217391304348,1.0,0.04347826086956519
86,25,0,0.29069767441860467,0.92,0.96,0.039999999999999925
169,15,0,0.08875739644970414,0.30508474576271183,0.4905660377358491,0.18548129197313729
161,50,1,0.3105590062111801,0.9108910891089109,0.9690721649484536,0.058181075839542684
341,104,15,0.30498533724340177,0.6484018264840182,0.649214659685864,0.0008128332018457751
82,24,0,0.2926829268292683,0.8571428571428572,0.9795918367346939,0.12244897959183665
74,24,12,0.32432432432432434,0.5106382978723404,0.7058823529411765,0.19524405506883613
66,19,0,0.2878787878787879,0.6829268292682926,0.9268292682926829,0.24390243902439024
86,29,7,0.3372093023255814,0.888888888888889,0.9285714285714286,0.03968253968253965
67,14,3,0.208955223880597,0.717948717948718,0.8125000000000001,0.09455128205128216
60,19,0,0.31666666666666665,1.0,1.0,0.0
66,25,9,0.3787878787878788,0.8510638297872342,0.9583333333333334,0.10726950354609921
64,21,8,0.328125,0.8095238095238095,0.9047619047619048,0.09523809523809523
100,27,20,0.27,0.634920634920635,0.7272727272727273,0.0923520923520923
82,32,14,0.3902439024390244,0.5714285714285715,0.6984126984126984,0.12698412698412687
74,19,4,0.25675675675675674,0.32558139534883723,0.8372093023255814,0.5116279069767442
124,36,7,0.2903225806451613,0.7160493827160493,0.8354430379746837,0.11939365525863432
36,11,0,0.3055555555555556,0.9565217391304348,1.0,0.04347826086956519
98,32,7,0.32653061224489793,0.49230769230769234,0.90625,0.41394230769230766
72,15,0,0.20833333333333334,0.8333333333333333,0.8571428571428571,0.023809523809523836
75,23,5,0.30666666666666664,0.9565217391304348,0.9777777777777777,0.021256038647342934
78,22,4,0.28205128205128205,0.8333333333333333,0.888888888888889,0.05555555555555569
94,20,4,0.2127659574468085,0.45833333333333337,0.5833333333333334,0.125
33,6,2,0.18181818181818182,0.6666666666666666,0.8,0.13333333333333341
35,8,0,0.22857142857142856,1.0,1.0,0.0
48,18,0,0.375,0.6486486486486486,0.8648648648648649,0.21621621621621634
52,15,4,0.28846153846153844,0.9333333333333333,0.9655172413793104,0.03218390804597704
67,22,9,0.3283582089552239,0.8695652173913043,0.9047619047619048,0.035196687370600444
84,16,2,0.19047619047619047,0.5128205128205128,0.7777777777777777,0.2649572649572649
102,20,10,0.19607843137254902,0.4347826086956522,0.6382978723404256,0.20351526364477335
55,11,1,0.2,0.6896551724137931,0.7692307692307692,0.07957559681697601
160,37,1,0.23125,0.5111111111111112,0.7865168539325843,0.2754057428214731
76,24,8,0.3157894736842105,0.8727272727272727,0.9600000000000001,0.08727272727272739
56,11,1,0.19642857142857142,0.7407407407407406,0.7692307692307692,0.028490028490028574
71,20,4,0.28169014084507044,0.8085106382978724,0.9743589743589743,0.16584833606110194
55,17,0,0.3090909090909091,0.8125,1.0,0.1875
119,25,6,0.21008403361344538,0.6461538461538462,0.7096774193548386,0.06352357320099244
39,9,0,0.23076923076923078,0.761904761904762,0.9411764705882353,0.1792717086834733
39,7,0,0.1794871794871795,0.7368421052631579,0.8750000000000001,0.13815789473684226
39,11,0,0.28205128205128205,0.8695652173913043,0.9565217391304348,0.08695652173913049
39,7,0,0.1794871794871795,0.631578947368421,0.7777777777777778,0.14619883040935677
83,25,0,0.30120481927710846,0.6274509803921569,0.7272727272727272,0.09982174688057033
73,20,4,0.273972602739726,0.7083333333333333,0.8717948717948718,0.16346153846153855
102,19,1,0.18627450980392157,0.46808510638297873,0.6382978723404255,0.17021276595744672
89,29,19,0.3258426966292135,0.7586206896551724,0.9285714285714286,0.16995073891625623
71,24,9,0.3380281690140845,0.8333333333333334,0.9361702127659574,0.10283687943262398
59,20,1,0.3389830508474576,0.9189189189189189,0.9230769230769231,0.004158004158004269
42,6,0,0.14285714285714285,0.0,0.6153846153846153,0.6153846153846153
85,21,1,0.24705882352941178,0.7804878048780488,0.9302325581395349,0.14974475326148606
71,20,4,0.28169014084507044,0.8260869565217392,0.9500000000000001,0.12391304347826082
65,12,0,0.18461538461538463,0.26666666666666666,0.6428571428571429,0.37619047619047624
47,14,0,0.2978723404255319,0.1935483870967742,0.9333333333333333,0.7397849462365591
51,19,10,0.37254901960784315,0.6857142857142857,0.8823529411764706,0.19663865546218484
34,14,0,0.4117647058823529,1.0,1.0,0.0
97,28,14,0.28865979381443296,0.0,0.6666666666666666,0.6666666666666666
83,27,10,0.3253012048192771,0.5714285714285714,0.8979591836734693,0.3265306122448979
188,50,21,0.26595744680851063,0.35398230088495575,0.5384615384615384,0.1844792375765827
35,12,0,0.34285714285714286,0.9090909090909091,0.9090909090909091,0.0
38,14,0,0.3684210526315789,0.888888888888889,1.0,0.11111111111111105
54,14,0,0.25925925925925924,0.8484848484848484,0.9655172413793104,0.11703239289446199
74,19,5,0.25675675675675674,0.6363636363636364,0.6511627906976745,0.014799154334038112
39,12,0,0.3076923076923077,0.9600000000000001,0.9600000000000001,0.0
68,15,1,0.22058823529411764,0.29411764705882354,0.43749999999999994,0.1433823529411764
72,21,10,0.2916666666666667,0.0,0.22727272727272724,0.22727272727272724
74,16,5,0.21621621621621623,0.0,0.05128205128205128,0.05128205128205128
68,20,4,0.29411764705882354,0.6956521739130435,0.8648648648648648,0.16921269095182134
116,36,21,0.3103448275862069,0.19444444444444445,0.24615384615384614,0.05170940170940169
108,32,20,0.2962962962962963,0.8823529411764706,0.923076923076923,0.040723981900452455
185,54,0,0.2918918918918919,0.5535714285714285,0.8141592920353983,0.2605878634639698
76,18,5,0.23684210526315788,0.7906976744186047,0.8947368421052632,0.10403916768665844
54,17,8,0.3148148148148148,0.13333333333333333,0.5142857142857143,0.38095238095238104
44,10,5,0.22727272727272727,0.9523809523809523,0.9523809523809523,0.0
91,29,0,0.31868131868131866,0.6666666666666667,0.912280701754386,0.24561403508771928
77,18,0,0.23376623376623376,0.8571428571428571,0.972972972972973,0.11583011583011593
73,18,5,0.2465753424657534,0.6521739130434783,0.8108108108108109,0.15863689776733259
133,39,10,0.2932330827067669,0.725,0.7594936708860761,0.03449367088607613
76,16,2,0.21052631578947367,0.7317073170731707,0.8108108108108109,0.07910349373764014
76,5,0,0.06578947368421052,0.37037037037037035,0.4210526315789473,0.05068226120857694
75,5,0,0.06666666666666667,0.4,0.4347826086956522,0.034782608695652195
35,10,5,0.2857142857142857,0.8,0.8695652173913044,0.06956521739130439
61,10,0,0.16393442622950818,0.6,0.6923076923076923,0.09230769230769231
77,16,0,0.2077922077922078,0.4864864864864864,0.7999999999999999,0.31351351351351353
77,10,5,0.12987012987012986,0.5294117647058825,0.6206896551724138,0.09127789046653134
100,21,0,0.21,0.19607843137254902,0.36000000000000004,0.16392156862745103
105,35,9,0.3333333333333333,0.3661971830985915,0.5846153846153846,0.21841820151679314
76,15,0,0.19736842105263158,0.7499999999999999,0.8571428571428571,0.1071428571428572
76,19,4,0.25,0.8181818181818181,0.9,0.0818181818181819
87,5,0,0.05747126436781609,0.26666666666666666,0.3076923076923077,0.041025641025641046
75,10,0,0.13333333333333333,0.5,0.7142857142857143,0.2142857142857143
76,7,0,0.09210526315789473,0.45161290322580644,0.56,0.10838709677419361
83,10,0,0.12048192771084337,0.5555555555555556,0.6666666666666666,0.11111111111111105
68,16,0,0.23529411764705882,0.7567567567567567,0.888888888888889,0.13213213213213226
33,8,0,0.24242424242424243,0.8421052631578948,1.0,0.1578947368421052
96,26,0,0.2708333333333333,0.6896551724137931,0.9285714285714286,0.23891625615763545
73,22,9,0.3013698630136986,0.888888888888889,0.8936170212765958,0.004728132387706863
64,19,0,0.296875,0.9047619047619047,1.0,0.09523809523809534
107,36,0,0.3364485981308411,0.8571428571428571,0.8985507246376813,0.04140786749482417
83,25,3,0.30120481927710846,0.6511627906976745,0.8936170212765958,0.24245423057892135
74,19,5,0.25675675675675674,0.7659574468085106,0.8780487804878049,0.11209133367929425
60,18,5,0.3,0.6153846153846153,0.9411764705882353,0.32579185520362
72,21,5,0.2916666666666667,0.6382978723404256,0.7317073170731706,0.09340944473274504
73,18,11,0.2465753424657534,0.8947368421052632,0.8947368421052632,0.0
257,77,12,0.29961089494163423,0.22222222222222224,0.36231884057971014,0.1400966183574879
81,22,4,0.2716049382716049,0.4888888888888889,0.6363636363636364,0.14747474747474748
84,30,9,0.35714285714285715,0.75,0.8214285714285715,0.07142857142857151
72,18,5,0.25,0.6666666666666666,0.918918918918919,0.25225225225225234
64,12,0,0.1875,0.6666666666666667,0.8799999999999999,0.21333333333333315
35,7,0,0.2,0.5555555555555556,0.6250000000000001,0.06944444444444453
43,11,0,0.2558139534883721,0.5263157894736842,0.9565217391304348,0.43020594965675063
62,18,11,0.2903225806451613,0.8,0.9444444444444444,0.14444444444444438
77,22,0,0.2857142857142857,0.711111111111111,0.9767441860465117,0.26563307493540067
76,21,7,0.27631578947368424,0.7843137254901961,0.8936170212765957,0.10930329578639963
46,12,0,0.2608695652173913,0.4761904761904762,0.9166666666666666,0.4404761904761904
58,15,0,0.25862068965517243,0.9375,0.9375,0.0
58,11,0,0.1896551724137931,0.7857142857142858,0.8148148148148148,0.02910052910052896
61,16,5,0.26229508196721313,0.6842105263157896,0.9375,0.2532894736842104
35,6,0,0.17142857142857143,0.5714285714285715,0.923076923076923,0.3516483516483515
35,7,0,0.2,0.6666666666666666,1.0,0.33333333333333337
73,19,3,0.2602739726027397,0.7111111111111111,0.8888888888888888,0.1777777777777777
72,11,0,0.1527777777777778,0.6060606060606061,0.6896551724137931,0.08359456635318707
35,8,0,0.22857142857142856,0.3157894736842105,1.0,0.6842105263157895
93,29,10,0.3118279569892473,0.5660377358490567,0.8679245283018867,0.30188679245283
43,11,0,0.2558139534883721,0.4799999999999999,0.9166666666666666,0.4366666666666667
68,17,5,0.25,0.7804878048780487,0.9142857142857143,0.13379790940766556
70,16,0,0.22857142857142856,0.8,0.9411764705882353,0.14117647058823524
69,7,1,0.10144927536231885,0.46153846153846156,0.5217391304347825,0.06020066889632092
76,11,0,0.14473684210526316,0.5641025641025641,0.7096774193548387,0.14557485525227465
185,33,8,0.1783783783783784,0.29545454545454547,0.32432432432432434,0.028869778869778873
77,21,5,0.2727272727272727,0.888888888888889,0.975609756097561,0.086720867208672
73,22,5,0.3013698630136986,0.9523809523809523,0.9523809523809523,0.0
71,20,8,0.28169014084507044,0.7999999999999999,0.8205128205128205,0.02051282051282055
56,20,0,0.35714285714285715,0.975609756097561,0.975609756097561,0.0
48,5,0,0.10416666666666667,0.0,0.4210526315789473,0.4210526315789473
94,34,7,0.3617021276595745,0.9538461538461539,0.9850746268656716,0.0312284730195177
48,5,0,0.10416666666666667,0.0,0.4,0.4
94,30,6,0.3191489361702128,0.9180327868852459,0.9508196721311476,0.032786885245901676
76,14,0,0.18421052631578946,0.4210526315789474,0.9032258064516129,0.4821731748726655
42,8,0,0.19047619047619047,0.6956521739130436,0.9411764705882353,0.2455242966751917
76,20,0,0.2631578947368421,0.8333333333333333,0.9523809523809523,0.11904761904761907
76,10,0,0.13157894736842105,0.23529411764705882,0.3225806451612903,0.0872865275142315
41,12,4,0.2926829268292683,0.4,0.8571428571428571,0.4571428571428571
68,22,10,0.3235294117647059,0.9047619047619048,0.9545454545454546,0.04978354978354982
33,10,0,0.30303030303030304,0.8333333333333333,0.9090909090909091,0.0757575757575758
62,23,1,0.3709677419354839,0.6086956521739131,0.8205128205128205,0.2118171683389074
146,28,0,0.1917808219178082,0.53125,0.6885245901639345,0.15727459016393452
91,24,0,0.26373626373626374,0.26415094339622647,0.4,0.13584905660377355
74,5,0,0.06756756756756757,0.30303030303030304,0.4,0.09696969696969698
89,21,1,0.23595505617977527,0.5333333333333333,0.6,0.06666666666666665
242,16,0,0.06611570247933884,0.16494845360824742,0.20224719101123595,0.03729873740298853
75,19,0,0.25333333333333335,0.8085106382978724,0.9268292682926829,0.11831862999481046
71,22,11,0.30985915492957744,0.5957446808510639,0.8936170212765958,0.2978723404255319
84,23,1,0.27380952380952384,0.8085106382978724,0.9130434782608695,0.10453283996299712
70,24,5,0.34285714285714286,0.8846153846153847,0.9787234042553191,0.09410801963993443
78,13,0,0.16666666666666666,0.2105263157894737,0.7428571428571429,0.5323308270676692
72,14,0,0.19444444444444445,0.5454545454545454,0.742857142857143,0.19740259740259758
112,30,0,0.26785714285714285,0.923076923076923,0.967741935483871,0.04466501240694798
73,15,0,0.2054794520547945,0.2580645161290323,0.8000000000000002,0.5419354838709678
41,5,0,0.12195121951219512,0.7272727272727272,0.9090909090909091,0.18181818181818188
42,5,0,0.11904761904761904,0.7272727272727272,0.9090909090909091,0.18181818181818188
67,19,5,0.2835820895522388,0.5853658536585366,0.918918918918919,0.3335530652603824
40,5,0,0.125,0.7499999999999999,0.888888888888889,0.13888888888888906
72,21,5,0.2916666666666667,0.56,0.7,0.1399999999999999
75,14,0,0.18666666666666668,0.7777777777777778,0.8,0.022222222222222254
46,10,0,0.21739130434782608,0.1818181818181818,0.631578947368421,0.44976076555023925
46,11,0,0.2391304347826087,0.17391304347826086,0.6,0.4260869565217391
30,8,0,0.26666666666666666,0.823529411764706,0.9333333333333333,0.1098039215686274
51,11,0,0.21568627450980393,0.34782608695652173,0.8695652173913043,0.5217391304347826
77,12,0,0.15584415584415584,0.7499999999999999,0.8,0.050000000000000155
48,17,0,0.3541666666666667,0.9444444444444444,1.0,0.05555555555555558
52,9,0,0.17307692307692307,0.8181818181818181,0.9473684210526316,0.12918660287081352
369,80,6,0.21680216802168023,0.5076142131979695,0.5402298850574714,0.03261567185950187
341,56,2,0.16422287390029325,0.47953216374269,0.49624060150375937,0.016708437761069395
72,6,0,0.08333333333333333,0.25,0.4444444444444445,0.19444444444444448
69,13,0,0.18840579710144928,0.5806451612903226,0.896551724137931,0.31590656284760843
176,37,0,0.21022727272727273,0.4634146341463415,0.6086956521739131,0.1452810180275716
97,16,0,0.16494845360824742,0.3404255319148936,0.5454545454545454,0.2050290135396518
67,6,0,0.08955223880597014,0.0,0.5555555555555556,0.5555555555555556
46,12,0,0.2608695652173913,0.888888888888889,0.923076923076923,0.03418803418803407
99,32,0,0.32323232323232326,0.9411764705882353,0.9846153846153847,0.04343891402714939
35,11,0,0.3142857142857143,0.9565217391304348,1.0,0.04347826086956519
76,20,0,0.2631578947368421,0.9090909090909091,1.0,0.09090909090909094
105,32,1,0.3047619047619048,0.7301587301587302,0.8125,0.08234126984126977
79,28,6,0.35443037974683544,0.7999999999999999,0.9642857142857143,0.16428571428571437
38,13,0,0.34210526315789475,0.962962962962963,1.0,0.03703703703703698
45,9,0,0.2,0.7999999999999999,0.9411764705882353,0.14117647058823535
194,19,3,0.0979381443298969,0.3835616438356165,0.45614035087719296,0.07257870704157648
190,25,12,0.13157894736842105,0.4722222222222222,0.5128205128205128,0.040598290598290565
60,18,2,0.3,0.7999999999999999,0.9142857142857143,0.11428571428571432
35,9,0,0.2571428571428571,0.7368421052631577,1.0,0.26315789473684226
106,31,1,0.29245283018867924,0.18461538461538463,0.7868852459016393,0.6022698612862547
37,11,0,0.2972972972972973,0.9090909090909091,0.9565217391304348,0.04743083003952575
94,27,0,0.2872340425531915,0.870967741935484,0.9310344827586207,0.06006674082313668
30,7,5,0.23333333333333334,0.8333333333333333,0.8333333333333333,0.0
38,8,0,0.21052631578947367,0.888888888888889,1.0,0.11111111111111105
35,6,0,0.17142857142857143,0.923076923076923,0.923076923076923,0.0
36,7,0,0.19444444444444445,0.0,0.923076923076923,0.923076923076923
47,9,3,0.19148936170212766,0.0,0.3636363636363637,0.3636363636363637
73,6,0,0.0821917808219178,0.42857142857142855,0.5,0.07142857142857145
72,9,0,0.125,0.5625,0.6428571428571429,0.0803571428571429
74,11,0,0.14864864864864866,0.5789473684210525,0.7096774193548387,0.1307300509337862
190,57,28,0.3,0.4406779661016949,0.5,0.05932203389830509
76,21,5,0.27631578947368424,0.8333333333333334,0.9523809523809523,0.11904761904761896
30,13,0,0.43333333333333335,0.9600000000000001,1.0,0.039999999999999925
75,16,0,0.21333333333333335,0.6956521739130436,0.888888888888889,0.19323671497584538
77,19,0,0.24675324675324675,0.8636363636363636,0.9500000000000001,0.08636363636363642
163,56,13,0.34355828220858897,0.2727272727272727,0.6730769230769231,0.4003496503496504
50,9,0,0.18,0.8888888888888888,0.9411764705882353,0.05228758169934644
179,37,0,0.20670391061452514,0.782608695652174,0.782608695652174,0.0
81,19,0,0.2345679012345679,0.8571428571428571,0.9230769230769231,0.06593406593406603
55,15,0,0.2727272727272727,0.9333333333333333,0.967741935483871,0.03440860215053765
49,14,0,0.2857142857142857,0.923076923076923,0.962962962962963,0.03988603988604
72,20,0,0.2777777777777778,0.75,0.8292682926829269,0.0792682926829269
101,27,13,0.26732673267326734,0.4067796610169491,0.6296296296296297,0.22284996861268053
75,16,0,0.21333333333333335,0.6666666666666667,0.8648648648648648,0.19819819819819806
91,28,0,0.3076923076923077,0.6984126984126985,0.8421052631578947,0.1436925647451962
98,29,0,0.29591836734693877,0.5714285714285715,0.9180327868852458,0.3466042154566743
126,34,21,0.2698412698412698,0.4266666666666667,0.6027397260273972,0.17607305936073053
56,15,0,0.26785714285714285,0.18750000000000003,0.7142857142857142,0.5267857142857142
76,19,0,0.25,0.8085106382978724,0.9268292682926829,0.11831862999481046
109,43,11,0.3944954128440367,0.9555555555555556,0.9555555555555556,0.0
68,19,10,0.27941176470588236,0.6500000000000001,0.8717948717948718,0.22179487179487167
203,30,12,0.1477832512315271,0.36170212765957444,0.4893617021276596,0.12765957446808518
207,29,13,0.14009661835748793,0.4742268041237113,0.4742268041237113,0.0
59,19,0,0.3220338983050847,0.24390243902439024,0.9230769230769231,0.6791744840525329
319,56,17,0.1755485893416928,0.24539877300613497,0.3,0.05460122699386502
334,18,0,0.05389221556886228,0.28318584070796454,0.39080459770114945,0.1076187569931849
77,18,0,0.23376623376623376,0.8372093023255813,0.923076923076923,0.08586762075134169
363,37,15,0.10192837465564739,0.3088235294117647,0.43333333333333335,0.12450980392156863
76,13,1,0.17105263157894737,0.45,0.7096774193548387,0.25967741935483873
75,11,0,0.14666666666666667,0.25,0.5454545454545455,0.2954545454545455
75,22,5,0.29333333333333333,0.9767441860465117,0.9767441860465117,0.0
63,18,5,0.2857142857142857,0.7368421052631577,0.9444444444444444,0.20760233918128668
76,15,0,0.19736842105263158,0.6976744186046512,0.8108108108108109,0.11313639220615967
77,21,5,0.2727272727272727,0.6808510638297872,0.7111111111111111,0.03026004728132392
75,21,4,0.28,0.7441860465116279,0.975609756097561,0.23142370958593306
75,20,3,0.26666666666666666,0.8000000000000002,0.8292682926829269,0.029268292682926744
76,21,4,0.27631578947368424,0.8510638297872339,0.9523809523809523,0.10131712259371839
52,20,2,0.38461538461538464,0.5714285714285715,0.9189189189189189,0.34749034749034735
76,20,0,0.2631578947368421,0.7999999999999999,0.9268292682926829,0.12682926829268293
68,27,0,0.39705882352941174,0.6415094339622641,0.9811320754716981,0.339622641509434
119,40,25,0.33613445378151263,0.275,0.39506172839506176,0.12006172839506174
77,22,5,0.2857142857142857,0.9130434782608695,0.9767441860465117,0.06370070778564219
98,29,3,0.29591836734693877,0.8125,0.9666666666666666,0.15416666666666656
77,22,5,0.2857142857142857,0.8936170212765958,0.9767441860465117,0.08312716476991588
31,12,0,0.3870967741935484,1.0,1.0,0.0
78,27,0,0.34615384615384615,0.9056603773584906,0.9433962264150944,0.037735849056603765
147,39,9,0.2653061224489796,0.6265060240963856,0.7435897435897437,0.11708371949335816
43,12,0,0.27906976744186046,0.8799999999999999,1.0,0.1200000000000001
339,34,0,0.10029498525073746,0.3142857142857143,0.3307086614173228,0.016422947131608523
294,75,5,0.25510204081632654,0.31952662721893493,0.48148148148148145,0.16195485426254652
76,21,0,0.27631578947368424,0.8936170212765957,1.0,0.1063829787234043
39,12,0,0.3076923076923077,0.8,1.0,0.19999999999999996
39,7,0,0.1794871794871795,0.8750000000000001,0.9333333333333333,0.05833333333333324
73,12,0,0.1643835616438356,0.4375,0.6896551724137931,0.25215517241379315
58,17,0,0.29310344827586204,0.6666666666666667,0.9411764705882353,0.27450980392156854
94,27,3,0.2872340425531915,0.6181818181818182,0.7636363636363638,0.14545454545454561
109,23,6,0.21100917431192662,0.6551724137931034,0.7241379310344828,0.06896551724137934
76,17,0,0.2236842105263158,0.7555555555555554,0.8717948717948718,0.11623931623931638
75,8,0,0.10666666666666667,0.5,0.5925925925925926,0.09259259259259256
67,17,0,0.2537313432835821,0.8717948717948718,0.9714285714285714,0.09963369963369961
74,12,0,0.16216216216216217,0.6153846153846153,0.7272727272727273,0.11188811188811199
61,14,0,0.22950819672131148,0.8666666666666666,0.8666666666666666,0.0
73,13,3,0.1780821917808219,0.6857142857142856,0.7333333333333334,0.04761904761904778
85,24,0,0.2823529411764706,0.7586206896551724,0.9361702127659574,0.17754952311078498
67,12,0,0.1791044776119403,0.3529411764705882,0.6470588235294118,0.2941176470588236
65,7,0,0.1076923076923077,0.56,0.6666666666666666,0.10666666666666658
61,11,0,0.18032786885245902,0.56,0.7692307692307692,0.2092307692307691
91,24,0,0.26373626373626374,0.0,0.0,0.0
76,16,0,0.21052631578947367,0.6818181818181818,0.8333333333333334,0.1515151515151516
87,24,0,0.27586206896551724,0.8727272727272727,1.0,0.12727272727272732
153,18,10,0.11764705882352941,0.0,0.19999999999999998,0.19999999999999998
153,12,8,0.0784313725490196,0.0,0.1764705882352941,0.1764705882352941
73,6,0,0.0821917808219178,0.4444444444444445,0.5714285714285715,0.12698412698412703
363,24,8,0.06611570247933884,0.24390243902439024,0.29126213592233013,0.047359696897939896
69,19,5,0.2753623188405797,0.761904761904762,0.9230769230769231,0.16117216117216115
75,21,0,0.28,1.0,1.0,0.0
77,21,5,0.2727272727272727,0.4166666666666667,0.975609756097561,0.5589430894308942
76,20,5,0.2631578947368421,0.0,0.3913043478260869,0.3913043478260869
36,6,0,0.16666666666666666,0.5454545454545454,0.6,0.054545454545454564
65,10,0,0.15384615384615385,0.17142857142857143,0.6896551724137931,0.5182266009852217
57,16,2,0.2807017543859649,0.0,0.8125,0.8125
51,18,2,0.35294117647058826,0.9411764705882353,0.9411764705882353,0.0
50,14,0,0.28,0.7741935483870968,0.9032258064516129,0.12903225806451613
38,5,0,0.13157894736842105,0.35294117647058826,0.888888888888889,0.5359477124183007
36,7,4,0.19444444444444445,0.9333333333333333,0.9333333333333333,0.0
45,9,0,0.2,0.7272727272727274,0.782608695652174,0.05533596837944654
68,17,4,0.25,0.7272727272727272,0.8421052631578947,0.11483253588516751
45,13,1,0.28888888888888886,0.48000000000000004,0.888888888888889,0.4088888888888889
68,15,0,0.22058823529411764,0.9375,0.967741935483871,0.030241935483870996
48,15,0,0.3125,0.25,0.9032258064516129,0.6532258064516129
75,22,5,0.29333333333333333,0.6530612244897959,0.9333333333333332,0.28027210884353737
50,11,0,0.22,0.0,0.9166666666666666,0.9166666666666666
51,17,8,0.3333333333333333,0.37500000000000006,0.7428571428571428,0.3678571428571427
76,22,5,0.2894736842105263,0.875,0.9767441860465117,0.1017441860465117
77,21,5,0.2727272727272727,0.888888888888889,0.975609756097561,0.086720867208672
72,17,0,0.2361111111111111,0.7804878048780487,0.8648648648648648,0.0843770599868161
59,19,0,0.3220338983050847,0.8095238095238095,0.9500000000000001,0.14047619047619053
82,19,7,0.23170731707317074,0.7999999999999999,0.8500000000000001,0.050000000000000155
69,21,0,0.30434782608695654,0.4444444444444445,0.888888888888889,0.4444444444444445
75,18,2,0.24,0.7906976744186047,0.9142857142857143,0.12358803986710953
75,19,0,0.25333333333333335,0.8837209302325582,0.9743589743589743,0.09063804412641618
139,26,3,0.18705035971223022,0.6216216216216216,0.7042253521126761,0.08260373049105452
142,40,4,0.28169014084507044,0.8089887640449438,0.8505747126436781,0.041585948598734324
37,5,0,0.13513513513513514,0.0,1.0,1.0
76,18,0,0.23684210526315788,0.782608695652174,0.923076923076923,0.14046822742474907
65,25,9,0.38461538461538464,0.96,0.9803921568627451,0.020392156862745092
125,27,1,0.216,0.588235294117647,0.6567164179104479,0.06848112379280091
65,23,10,0.35384615384615387,0.9583333333333334,1.0,0.04166666666666663
75,21,5,0.28,0.888888888888889,0.909090909090909,0.02020202020202
74,22,5,0.2972972972972973,0.9523809523809523,0.9523809523809523,0.0
73,19,3,0.2602739726027397,0.47826086956521735,0.8717948717948718,0.39353400222965446
73,21,5,0.2876712328767123,0.975609756097561,0.975609756097561,0.0
77,20,5,0.2597402597402597,0.9500000000000001,0.9500000000000001,0.0
74,21,5,0.28378378378378377,0.975609756097561,0.975609756097561,0.0
77,18,0,0.23376623376623376,0.8372093023255813,0.923076923076923,0.08586762075134169
75,6,0,0.08,0.06896551724137931,0.08,0.011034482758620692
74,9,0,0.12162162162162163,0.06060606060606061,0.5333333333333333,0.4727272727272727
266,47,4,0.17669172932330826,0.37500000000000006,0.4566929133858268,0.08169291338582674
95,21,7,0.22105263157894736,0.7450980392156863,0.7450980392156863,0.0
74,19,0,0.25675675675675674,0.36363636363636365,0.7878787878787878,0.4242424242424242
86,19,3,0.22093023255813954,0.3673469387755102,0.8372093023255814,0.4698623635500712
76,16,0,0.21052631578947367,0.8205128205128205,0.888888888888889,0.06837606837606847
75,17,4,0.22666666666666666,0.6842105263157895,0.7428571428571428,0.05864661654135328
51,15,0,0.29411764705882354,0.5806451612903225,0.8000000000000002,0.21935483870967765
165,27,0,0.16363636363636364,0.13157894736842107,0.15384615384615383,0.022267206477732754
38,6,0,0.15789473684210525,0.0,0.5714285714285715,0.5714285714285715
65,13,0,0.2,0.7499999999999999,0.888888888888889,0.13888888888888906
88,24,4,0.2727272727272727,0.6666666666666666,0.7450980392156864,0.07843137254901977
75,12,0,0.16,0.6874999999999999,0.7333333333333334,0.045833333333333504
66,15,0,0.22727272727272727,0.28571428571428575,0.8333333333333333,0.5476190476190474
47,6,0,0.1276595744680851,0.631578947368421,0.923076923076923,0.291497975708502
32,8,0,0.25,0.888888888888889,1.0,0.11111111111111105
75,20,5,0.26666666666666666,0.9268292682926829,0.9268292682926829,0.0
73,10,0,0.136986301369863,0.6666666666666666,0.7407407407407407,0.07407407407407407
76,18,0,0.23684210526315788,0.8181818181818181,0.923076923076923,0.1048951048951049
70,21,5,0.3,0.3414634146341463,0.5365853658536585,0.19512195121951215
76,20,0,0.2631578947368421,1.0,1.0,0.0
64,5,0,0.078125,0.3,0.33333333333333337,0.03333333333333338
75,22,0,0.29333333333333333,0.68,0.9333333333333332,0.2533333333333332
162,33,0,0.2037037037037037,0.16438356164383564,0.5915492957746479,0.42716573413081227
44,14,0,0.3181818181818182,0.8275862068965518,0.9333333333333333,0.10574712643678152
42,12,0,0.2857142857142857,0.8461538461538461,0.923076923076923,0.07692307692307687
73,19,0,0.2602739726027397,0.8333333333333333,0.8947368421052632,0.061403508771929904
76,16,0,0.21052631578947367,0.7441860465116279,0.8421052631578948,0.0979192166462669
76,14,0,0.18421052631578946,0.3333333333333333,0.45161290322580644,0.11827956989247312
56,5,0,0.08928571428571429,0.1818181818181818,0.3157894736842105,0.1339712918660287
52,10,0,0.19230769230769232,0.7200000000000001,0.8,0.07999999999999996
72,13,0,0.18055555555555555,0.38461538461538464,0.6666666666666667,0.2820512820512821
68,7,0,0.10294117647058823,0.2222222222222222,0.3,0.07777777777777778
71,12,0,0.16901408450704225,0.7096774193548387,0.7857142857142857,0.07603686635944695
69,17,5,0.2463768115942029,0.8717948717948718,0.9189189189189189,0.04712404712404705
69,16,5,0.2318840579710145,0.8648648648648648,0.8823529411764706,0.01748807631160576
152,22,0,0.14473684210526316,0.06153846153846154,0.22535211267605632,0.16381365113759477
87,15,0,0.1724137931034483,0.7567567567567568,0.8235294117647058,0.06677265500794904
76,21,4,0.27631578947368424,0.7441860465116279,0.975609756097561,0.23142370958593306
50,12,0,0.24,0.8148148148148148,0.8799999999999999,0.06518518518518512
77,20,0,0.2597402597402597,0.8695652173913044,0.975609756097561,0.10604453870625652
75,21,0,0.28,0.9333333333333333,1.0,0.06666666666666665
66,21,0,0.3181818181818182,0.9302325581395349,0.9523809523809523,0.022148394241417457
76,22,0,0.2894736842105263,0.5116279069767442,0.9767441860465117,0.4651162790697675
72,22,5,0.3055555555555556,0.9545454545454546,1.0,0.045454545454545414
70,25,12,0.35714285714285715,0.6521739130434783,0.96,0.3078260869565217
71,13,2,0.18309859154929578,0.588235294117647,0.7407407407407408,0.15250544662309384
82,21,6,0.25609756097560976,0.43478260869565216,0.5128205128205129,0.07803790412486072
82,20,5,0.24390243902439024,0.5128205128205129,0.5405405405405405,0.027720027720027574
373,80,9,0.21447721179624665,0.5196078431372549,0.56,0.04039215686274511
85,25,5,0.29411764705882354,0.8727272727272728,0.9795918367346939,0.10686456400742106
58,13,0,0.22413793103448276,0.3076923076923077,0.5599999999999999,0.25230769230769223
90,27,7,0.3,0.8620689655172414,0.9090909090909091,0.047021943573667624
77,20,0,0.2597402597402597,0.7272727272727272,1.0,0.2727272727272728
78,23,0,0.2948717948717949,0.37037037037037035,0.9787234042553191,0.6083530338849488
86,25,0,0.29069767441860467,0.4150943396226415,0.6250000000000001,0.20990566037735864
146,9,0,0.06164383561643835,0.1509433962264151,0.1702127659574468,0.019269369731031716
73,21,5,0.2876712328767123,0.8,0.8333333333333333,0.033333333333333215
40,12,0,0.3,0.8571428571428571,0.8799999999999999,0.022857142857142798
49,16,0,0.32653061224489793,1.0,1.0,0.0
70,16,0,0.22857142857142856,0.823529411764706,0.888888888888889,0.065359477124183
54,8,0,0.14814814814814814,0.4999999999999999,0.5714285714285714,0.07142857142857151
72,21,5,0.2916666666666667,0.7027027027027026,0.7368421052631577,0.03413940256045511
118,17,0,0.1440677966101695,0.6538461538461539,0.7083333333333333,0.054487179487179405
74,19,4,0.25675675675675674,0.6363636363636364,0.8500000000000001,0.21363636363636374
77,19,4,0.24675324675324675,0.4166666666666667,0.8571428571428571,0.4404761904761904
183,10,5,0.0546448087431694,0.19672131147540983,0.19672131147540983,0.0
163,7,1,0.04294478527607362,0.15094339622641512,0.4,0.2490566037735849
55,17,0,0.3090909090909091,0.9714285714285714,1.0,0.02857142857142858
77,21,0,0.2727272727272727,0.75,0.9333333333333333,0.18333333333333335
71,20,4,0.28169014084507044,0.5555555555555556,0.9189189189189189,0.3633633633633633
72,20,0,0.2777777777777778,0.9743589743589743,0.9743589743589743,0.0
77,21,5,0.2727272727272727,0.888888888888889,0.975609756097561,0.086720867208672
76,21,5,0.27631578947368424,0.888888888888889,0.9500000000000001,0.061111111111111116
109,5,0,0.045871559633027525,0.125,0.16666666666666666,0.04166666666666666
69,10,0,0.14492753623188406,0.5625000000000001,0.6,0.03749999999999987
73,20,5,0.273972602739726,0.8636363636363635,0.9230769230769231,0.05944055944055959
73,19,4,0.2602739726027397,0.8181818181818181,0.9,0.0818181818181819
73,15,0,0.2054794520547945,0.2424242424242424,0.8235294117647058,0.5811051693404634
73,14,3,0.1917808219178082,0.4,0.742857142857143,0.34285714285714297
76,21,5,0.27631578947368424,0.8510638297872339,0.975609756097561,0.12454592631032702
74,6,0,0.08108108108108109,0.4444444444444445,0.4615384615384615,0.017094017094017033
76,15,0,0.19736842105263158,0.4615384615384615,0.7058823529411765,0.244343891402715
75,21,5,0.28,0.888888888888889,0.975609756097561,0.086720867208672
75,12,2,0.16,0.6060606060606061,0.6451612903225806,0.03910068426197455
75,19,5,0.25333333333333335,0.782608695652174,0.9230769230769231,0.14046822742474918
73,19,5,0.2602739726027397,0.9230769230769231,0.9473684210526315,0.024291497975708398
93,32,0,0.34408602150537637,0.6774193548387096,0.8620689655172413,0.1846496106785317
86,29,0,0.3372093023255814,0.6440677966101694,0.8148148148148148,0.17074701820464533
66,19,1,0.2878787878787879,0.6470588235294117,0.7692307692307692,0.12217194570135748
58,14,0,0.2413793103448276,0.3846153846153846,0.8148148148148148,0.4301994301994302
76,21,5,0.27631578947368424,0.8163265306122449,0.9302325581395349,0.11390602752728995
71,20,4,0.28169014084507044,0.9047619047619048,0.9743589743589743,0.06959706959706957
33,9,0,0.2727272727272727,0.9473684210526316,1.0,0.05263157894736836
34,8,0,0.23529411764705882,0.888888888888889,1.0,0.11111111111111105
34,8,0,0.23529411764705882,0.888888888888889,0.9411764705882353,0.05228758169934633
60,19,0,0.31666666666666665,0.9,0.9047619047619047,0.004761904761904634
90,34,0,0.37777777777777777,0.9393939393939394,0.9855072463768115,0.04611330698287208
36,18,0,0.5,0.9411764705882353,0.9714285714285714,0.030252100840336138
33,7,0,0.21212121212121213,0.9333333333333333,0.9333333333333333,0.0
65,22,5,0.3384615384615385,0.711111111111111,0.9268292682926829,0.21571815718157183
81,15,0,0.18518518518518517,0.052631578947368425,0.17647058823529413,0.12383900928792571
56,5,0,0.08928571428571429,0.0,0.7499999999999999,0.7499999999999999
193,36,18,0.18652849740932642,0.3829787234042554,0.49382716049382713,0.11084843708957176
57,5,0,0.08771929824561403,0.0,0.4210526315789473,0.4210526315789473
153,25,13,0.16339869281045752,0.4788732394366197,0.4788732394366197,0.0
56,8,0,0.14285714285714285,0.2962962962962963,0.36363636363636365,0.06734006734006737
48,13,0,0.2708333333333333,0.9600000000000001,0.962962962962963,0.002962962962962945
65,16,0,0.24615384615384617,0.17142857142857143,0.5161290322580646,0.3447004608294932
61,19,5,0.3114754098360656,0.20512820512820512,0.5128205128205129,0.30769230769230776
69,19,0,0.2753623188405797,0.0,0.5641025641025641,0.5641025641025641
76,15,0,0.19736842105263158,0.7499999999999999,0.8571428571428571,0.1071428571428572
46,17,0,0.3695652173913043,0.0,0.9090909090909091,0.9090909090909091
77,9,0,0.11688311688311688,0.36363636363636365,0.5714285714285714,0.20779220779220775
97,33,0,0.3402061855670103,0.8450704225352113,0.8732394366197183,0.028169014084507005
60,5,0,0.08333333333333333,0.5263157894736842,0.7692307692307693,0.2429149797570851
74,9,0,0.12162162162162163,0.0,0.33333333333333337,0.33333333333333337
74,20,5,0.2702702702702703,0.9500000000000001,0.9743589743589743,0.024358974358974272
75,9,0,0.12,0.4864864864864865,0.6206896551724138,0.1342031686859273
76,21,5,0.27631578947368424,0.975609756097561,0.975609756097561,0.0
74,23,5,0.3108108108108108,0.9302325581395349,0.9302325581395349,0.0
72,21,5,0.2916666666666667,0.7441860465116279,0.975609756097561,0.23142370958593306
72,20,5,0.2777777777777778,0.7142857142857143,0.9500000000000001,0.23571428571428577
85,28,7,0.32941176470588235,0.6071428571428571,0.9285714285714286,0.3214285714285715
60,13,4,0.21666666666666667,0.4,0.8799999999999999,0.47999999999999987
60,13,5,0.21666666666666667,0.4,0.9600000000000001,0.56
67,21,0,0.31343283582089554,0.47619047619047616,0.5128205128205129,0.03663003663003672
33,10,0,0.30303030303030304,1.0,1.0,0.0
75,19,0,0.25333333333333335,0.8260869565217391,0.9500000000000001,0.12391304347826093
50,12,6,0.24,0.45454545454545453,0.7272727272727272,0.27272727272727265
47,9,4,0.19148936170212766,0.4545454545454546,0.9473684210526316,0.49282296650717705
76,21,5,0.27631578947368424,0.8163265306122449,0.9523809523809523,0.1360544217687074
102,27,0,0.2647058823529412,0.7719298245614035,0.9285714285714286,0.15664160401002514
75,22,5,0.29333333333333333,0.85,0.9523809523809523,0.10238095238095235
73,20,0,0.273972602739726,0.6976744186046512,0.8333333333333334,0.1356589147286822
35,8,0,0.22857142857142856,0.8421052631578948,1.0,0.1578947368421052
84,19,0,0.2261904761904762,0.39999999999999997,0.8636363636363636,0.4636363636363637
95,29,10,0.30526315789473685,0.896551724137931,0.9285714285714286,0.03201970443349755
39,13,0,0.3333333333333333,0.9166666666666666,0.9166666666666666,0.0
198,53,5,0.2676767676767677,0.5,0.6981132075471698,0.19811320754716977
180,38,5,0.2111111111111111,0.6304347826086957,0.7111111111111111,0.08067632850241546
53,14,0,0.2641509433962264,0.7096774193548386,0.8750000000000001,0.16532258064516148
73,21,5,0.2876712328767123,0.8717948717948718,0.8947368421052632,0.022941970310391357
46,15,0,0.32608695652173914,0.9655172413793104,1.0,0.03448275862068961
97,33,0,0.3402061855670103,0.6376811594202899,0.7887323943661972,0.15105123494590733
74,16,0,0.21621621621621623,0.0,0.1875,0.1875
70,17,4,0.24285714285714285,0.8484848484848485,0.8749999999999999,0.02651515151515138
86,14,0,0.16279069767441862,0.65,0.6842105263157894,0.03421052631578936
86,22,4,0.2558139534883721,0.36363636363636365,0.8936170212765958,0.5299806576402322
105,11,0,0.10476190476190476,0.45454545454545453,0.5128205128205129,0.058275058275058356
64,21,3,0.328125,0.8571428571428571,0.923076923076923,0.06593406593406592
50,20,4,0.4,0.4117647058823529,0.7368421052631577,0.3250773993808048
57,21,4,0.3684210526315789,0.9302325581395349,0.9523809523809523,0.022148394241417457
49,12,0,0.24489795918367346,0.0,0.48000000000000004,0.48000000000000004
72,18,5,0.25,0.5714285714285715,0.918918918918919,0.34749034749034746
71,23,9,0.323943661971831,0.9333333333333332,0.9333333333333332,0.0
74,21,4,0.28378378378378377,0.8695652173913043,0.9523809523809523,0.082815734989648
54,5,0,0.09259259259259259,0.4210526315789473,0.5333333333333333,0.11228070175438604
92,26,0,0.2826086956521739,0.7931034482758621,0.9259259259259259,0.13282247765006383
166,36,0,0.21686746987951808,0.3095238095238095,0.3095238095238095,0.0
69,10,0,0.14492753623188406,0.0,0.631578947368421,0.631578947368421
118,27,0,0.2288135593220339,0.0,0.30303030303030304,0.30303030303030304
78,25,3,0.32051282051282054,0.5217391304347826,0.6956521739130435,0.17391304347826086
76,18,5,0.23684210526315788,0.7727272727272727,0.8947368421052632,0.12200956937799046
75,17,0,0.22666666666666666,0.8292682926829268,0.9189189189189189,0.08965062623599207
31,9,0,0.2903225806451613,0.0,0.6153846153846153,0.6153846153846153
76,18,5,0.23684210526315788,0.5,0.6,0.09999999999999998
76,14,0,0.18421052631578946,0.6153846153846153,0.75,0.1346153846153847
82,22,0,0.2682926829268293,0.7200000000000001,0.8444444444444444,0.12444444444444436
76,17,5,0.2236842105263158,0.39024390243902435,0.6341463414634146,0.2439024390243903
76,5,0,0.06578947368421052,0.3125,0.4347826086956522,0.12228260869565222
77,21,0,0.2727272727272727,0.7234042553191489,1.0,0.27659574468085113
30,6,0,0.2,0.0,0.7142857142857143,0.7142857142857143
77,21,0,0.2727272727272727,0.6122448979591837,0.8947368421052632,0.2824919441460795
73,20,0,0.273972602739726,0.8333333333333333,0.9523809523809523,0.11904761904761907
71,21,4,0.29577464788732394,0.9500000000000001,0.975609756097561,0.025609756097560887
71,20,0,0.28169014084507044,0.9743589743589743,1.0,0.02564102564102566
76,20,4,0.2631578947368421,0.45454545454545453,0.9500000000000001,0.49545454545454554
111,27,0,0.24324324324324326,0.896551724137931,0.9629629629629629,0.06641123882503186
81,22,4,0.2716049382716049,0.0,0.28571428571428564,0.28571428571428564
70,19,0,0.2714285714285714,0.8333333333333333,0.9500000000000001,0.11666666666666681
75,16,4,0.21333333333333335,0.65,0.7647058823529411,0.1147058823529411
146,32,4,0.2191780821917808,0.7073170731707317,0.759493670886076,0.05217659771534433
76,19,4,0.25,0.4186046511627907,0.9230769230769231,0.5044722719141324
75,22,5,0.29333333333333333,0.711111111111111,0.9767441860465117,0.26563307493540067
31,5,0,0.16129032258064516,0.5555555555555556,0.7142857142857143,0.15873015873015872
87,33,4,0.3793103448275862,0.8923076923076922,0.9206349206349207,0.02832722832722845
136,49,5,0.3602941176470588,0.8775510204081631,0.968421052631579,0.09087003222341583
107,24,0,0.22429906542056074,0.8518518518518519,0.9019607843137256,0.050108932461873756
90,30,2,0.3333333333333333,0.5806451612903225,0.6440677966101694,0.06342263531984693
75,21,4,0.28,0.975609756097561,0.9767441860465117,0.0011344299489507437
365,119,41,0.32602739726027397,0.6722689075630253,0.8016877637130803,0.129418856150055
95,24,0,0.25263157894736843,0.7777777777777777,0.8070175438596493,0.02923976608187162
36,6,0,0.16666666666666666,0.9090909090909091,1.0,0.09090909090909094
121,38,8,0.3140495867768595,0.7272727272727273,0.8219178082191781,0.09464508094645085
134,45,5,0.3358208955223881,0.9887640449438202,0.9887640449438202,0.0
134,44,5,0.3283582089552239,0.9772727272727273,0.9772727272727273,0.0
71,11,0,0.15492957746478872,0.6285714285714286,0.7333333333333334,0.10476190476190483
76,9,0,0.11842105263157894,0.2580645161290322,0.30769230769230765,0.04962779156327546
70,30,4,0.42857142857142855,0.7407407407407408,0.7857142857142856,0.04497354497354478
55,19,4,0.34545454545454546,0.9230769230769231,0.9473684210526315,0.024291497975708398
77,20,5,0.2597402597402597,0.8636363636363635,0.9743589743589743,0.1107226107226108
93,32,0,0.34408602150537637,0.8955223880597014,0.955223880597015,0.059701492537313605
85,23,0,0.27058823529411763,0.7843137254901961,0.8301886792452831,0.04587495375508699
88,25,0,0.2840909090909091,0.7000000000000001,0.7777777777777777,0.07777777777777761
83,28,0,0.3373493975903614,0.793103448275862,0.793103448275862,0.0
76,19,4,0.25,0.782608695652174,0.9230769230769231,0.14046822742474918
363,48,13,0.1322314049586777,0.3945578231292517,0.5774647887323944,0.18290696560314268
76,23,5,0.3026315789473684,0.9166666666666666,0.9777777777777777,0.061111111111111116
77,17,0,0.22077922077922077,0.8292682926829268,0.9189189189189189,0.08965062623599207
64,18,0,0.28125,0.878048780487805,0.972972972972973,0.09492419248516804
76,19,3,0.25,0.46511627906976744,0.8205128205128205,0.35539654144305305
76,20,0,0.2631578947368421,0.6250000000000001,0.6976744186046512,0.07267441860465107
75,13,0,0.17333333333333334,0.3888888888888889,0.7741935483870968,0.38530465949820786
74,16,0,0.21621621621621623,0.8648648648648648,0.888888888888889,0.02402402402402415
76,20,0,0.2631578947368421,0.5833333333333334,0.6666666666666666,0.08333333333333326
36,6,0,0.16666666666666666,0.9090909090909091,1.0,0.09090909090909094
49,12,0,0.24489795918367346,0.7692307692307692,0.8333333333333334,0.06410256410256421
327,92,3,0.28134556574923547,0.7029702970297029,0.7346938775510203,0.03172358052131741
34,12,0,0.35294117647058826,0.9166666666666666,0.9565217391304348,0.03985507246376818
66,7,0,0.10606060606060606,0.0,0.3076923076923077,0.3076923076923077
55,14,1,0.2545454545454545,0.25,0.8571428571428571,0.6071428571428571
74,19,0,0.25675675675675674,0.8780487804878049,0.9500000000000001,0.07195121951219519
103,31,0,0.30097087378640774,0.6969696969696969,0.8813559322033899,0.18438623523369302
86,10,0,0.11627906976744186,0.4444444444444444,0.5000000000000001,0.05555555555555569
75,22,5,0.29333333333333333,0.9130434782608695,0.9767441860465117,0.06370070778564219
52,17,0,0.3269230769230769,0.9696969696969697,0.9696969696969697,0.0
40,7,0,0.175,0.9333333333333333,1.0,0.06666666666666665
72,18,3,0.25,0.5714285714285715,0.8717948717948718,0.3003663003663003
61,5,0,0.08196721311475409,0.5555555555555556,0.5555555555555556,0.0
90,13,0,0.14444444444444443,0.33333333333333337,0.47058823529411764,0.13725490196078427
104,38,0,0.36538461538461536,0.9210526315789473,0.9487179487179489,0.027665317139001555
73,21,5,0.2876712328767123,0.7441860465116279,0.9523809523809523,0.20819490586932443
68,12,0,0.17647058823529413,0.6857142857142856,0.8461538461538461,0.16043956043956054
62,19,0,0.3064516129032258,0.8205128205128205,0.9230769230769231,0.10256410256410264
76,7,0,0.09210526315789473,0.25806451612903225,0.5384615384615384,0.2803970223325062
68,21,0,0.3088235294117647,0.8571428571428571,0.9500000000000001,0.09285714285714297
67,14,0,0.208955223880597,0.7567567567567568,0.8235294117647058,0.06677265500794904
77,13,0,0.16883116883116883,0.35294117647058826,0.6060606060606061,0.2531194295900178
77,11,0,0.14285714285714285,0.31249999999999994,0.5882352941176471,0.27573529411764713
77,16,0,0.2077922077922078,0.2325581395348837,0.35000000000000003,0.11744186046511634
77,12,0,0.15584415584415584,0.36363636363636365,0.6285714285714286,0.2649350649350649
77,19,0,0.24675324675324675,0.5,0.9047619047619047,0.40476190476190466
169,47,6,0.2781065088757396,0.7692307692307693,0.8155339805825244,0.04630321135175508
169,50,10,0.2958579881656805,0.822429906542056,0.8598130841121495,0.03738317757009346
71,20,0,0.28169014084507044,0.9302325581395349,0.975609756097561,0.04537719795802608
57,8,0,0.14035087719298245,0.5925925925925926,0.888888888888889,0.2962962962962964
95,33,0,0.3473684210526316,0.8695652173913043,0.8888888888888888,0.019323671497584516
97,31,0,0.31958762886597936,0.8169014084507041,0.8656716417910448,0.048770233340340696
71,15,0,0.2112676056338028,0.7027027027027029,0.7777777777777778,0.07507507507507494
96,29,0,0.3020833333333333,0.787878787878788,0.8709677419354839,0.08308895405669592
76,19,5,0.25,0.8372093023255814,0.9473684210526315,0.11015911872705009
75,20,4,0.26666666666666666,0.9500000000000001,0.9743589743589743,0.024358974358974272
30,8,0,0.26666666666666666,0.888888888888889,0.9411764705882353,0.05228758169934633
57,25,0,0.43859649122807015,0.9019607843137256,1.0,0.09803921568627438
35,11,0,0.3142857142857143,0.7500000000000001,0.9090909090909091,0.15909090909090895
76,13,0,0.17105263157894737,0.6341463414634146,0.7428571428571429,0.10871080139372824
74,8,0,0.10810810810810811,0.0,0.06896551724137931,0.06896551724137931
76,20,4,0.2631578947368421,0.8837209302325583,0.9500000000000001,0.0662790697674418
76,20,5,0.2631578947368421,0.8837209302325583,0.9743589743589743,0.09063804412641607
86,27,14,0.313953488372093,0.9454545454545454,0.9629629629629629,0.017508417508417473
192,65,5,0.3385416666666667,0.5689655172413793,0.5689655172413793,0.0
155,53,5,0.3419354838709677,0.6923076923076923,0.826923076923077,0.1346153846153847
72,17,0,0.2361111111111111,0.6976744186046512,0.7906976744186047,0.09302325581395354
72,25,1,0.3472222222222222,0.8627450980392156,0.88,0.017254901960784386
76,21,0,0.27631578947368424,0.9268292682926829,0.9500000000000001,0.023170731707317205
72,21,4,0.2916666666666667,0.7391304347826089,0.975609756097561,0.23647932131495208
387,125,21,0.32299741602067183,0.8813559322033897,0.8813559322033897,0.0
80,23,0,0.2875,0.5957446808510638,0.9565217391304348,0.360777058279371
72,21,0,0.2916666666666667,0.8571428571428571,0.8936170212765957,0.03647416413373861
76,21,5,0.27631578947368424,0.8333333333333334,0.9523809523809523,0.11904761904761896
54,16,9,0.2962962962962963,0.39999999999999997,0.5714285714285714,0.17142857142857143
200,54,17,0.27,0.36363636363636365,0.42592592592592593,0.062289562289562284
36,11,0,0.3055555555555556,0.7777777777777778,1.0,0.2222222222222222
90,35,0,0.3888888888888889,0.8857142857142857,0.9855072463768115,0.09979296066252585
54,22,0,0.4074074074074074,0.9523809523809523,1.0,0.04761904761904767
94,37,14,0.39361702127659576,0.9142857142857143,0.9142857142857143,0.0
101,39,16,0.38613861386138615,0.6486486486486486,0.8108108108108107,0.16216216216216217
96,34,14,0.3541666666666667,0.5,0.7936507936507937,0.2936507936507937
73,21,5,0.2876712328767123,0.5789473684210527,0.5945945945945946,0.015647226173541973
67,15,0,0.22388059701492538,0.7027027027027029,0.8108108108108109,0.108108108108108
48,13,3,0.2708333333333333,0.6666666666666667,0.7692307692307693,0.10256410256410253
75,19,3,0.25333333333333335,0.05,0.39999999999999997,0.35
204,55,17,0.2696078431372549,0.3214285714285714,0.3508771929824561,0.029448621553884724
249,82,17,0.3293172690763052,0.3764705882352941,0.4931506849315069,0.11668009669621277
155,46,17,0.2967741935483871,0.5208333333333334,0.568421052631579,0.04758771929824568
72,20,1,0.2777777777777778,0.7659574468085106,0.85,0.08404255319148934
38,6,0,0.15789473684210525,0.6666666666666666,0.923076923076923,0.2564102564102564
99,35,0,0.35353535353535354,0.8955223880597014,0.9722222222222222,0.0766998341625208
80,23,7,0.2875,0.5490196078431373,0.6956521739130435,0.14663256606990616
73,18,4,0.2465753424657534,0.7906976744186047,0.878048780487805,0.08735110606920027
91,22,3,0.24175824175824176,0.7058823529411765,0.7916666666666666,0.08578431372549011
48,12,5,0.25,0.0,0.8571428571428571,0.8571428571428571
102,17,0,0.16666666666666666,0.625,0.6666666666666667,0.04166666666666674
76,21,5,0.27631578947368424,0.888888888888889,0.975609756097561,0.086720867208672
68,18,0,0.2647058823529412,0.4390243902439025,0.6666666666666666,0.22764227642276413
44,10,0,0.22727272727272727,0.8000000000000002,0.9,0.09999999999999987
56,17,1,0.30357142857142855,0.6829268292682927,0.8648648648648648,0.18193803559657207
56,17,1,0.30357142857142855,0.6829268292682927,0.8648648648648648,0.18193803559657207
72,20,0,0.2777777777777778,0.9523809523809523,0.975609756097561,0.023228803716608626
183,41,0,0.22404371584699453,0.6588235294117647,0.6904761904761904,0.03165266106442566
121,25,0,0.2066115702479339,0.0,0.26666666666666666,0.26666666666666666
71,9,0,0.1267605633802817,0.0,0.0,0.0
75,21,5,0.28,0.975609756097561,0.975609756097561,0.0
76,20,5,0.2631578947368421,0.8636363636363635,0.9500000000000001,0.08636363636363653
52,18,6,0.34615384615384615,0.4,0.6470588235294118,0.24705882352941178
47,15,4,0.3191489361702128,0.3571428571428571,0.7407407407407408,0.3835978835978837
44,6,2,0.13636363636363635,0.30769230769230765,0.5333333333333333,0.22564102564102567
224,25,7,0.11160714285714286,0.15555555555555556,0.2564102564102564,0.10085470085470083
77,19,5,0.24675324675324675,0.5,0.7894736842105263,0.2894736842105263
76,21,5,0.27631578947368424,0.8695652173913043,0.9333333333333333,0.06376811594202902
76,20,0,0.2631578947368421,0.9090909090909091,1.0,0.09090909090909094
56,18,4,0.32142857142857145,0.7222222222222222,0.9142857142857143,0.19206349206349205
52,14,4,0.2692307692307692,0.3870967741935484,0.6206896551724138,0.23359288097886544
76,17,0,0.2236842105263158,0.7804878048780487,0.9189189189189189,0.13843111404087016
91,29,4,0.31868131868131866,0.9180327868852458,0.9824561403508771,0.06442335346563133
74,17,0,0.22972972972972974,0.8292682926829268,0.9189189189189189,0.08965062623599207
63,15,0,0.23809523809523808,0.7096774193548386,0.8484848484848485,0.13880742913000987
73,16,0,0.2191780821917808,0.888888888888889,0.888888888888889,0.0
74,19,0,0.25675675675675674,0.8444444444444443,0.9500000000000001,0.10555555555555574
41,5,0,0.12195121951219512,0.6666666666666666,1.0,0.33333333333333337
76,12,0,0.15789473684210525,0.45000000000000007,0.5806451612903226,0.13064516129032255
76,16,5,0.21052631578947367,0.6511627906976744,0.823529411764706,0.1723666210670316
75,9,0,0.12,0.4864864864864865,0.6666666666666666,0.18018018018018012
72,21,5,0.2916666666666667,0.8163265306122449,0.975609756097561,0.15928322548531604
91,15,0,0.16483516483516483,0.47368421052631576,0.6,0.12631578947368421
44,8,2,0.18181818181818182,0.26666666666666666,0.5882352941176471,0.3215686274509804
177,44,0,0.24858757062146894,0.6153846153846153,0.6153846153846153,0.0
69,21,8,0.30434782608695654,0.7272727272727272,0.8780487804878048,0.1507760532150776
48,10,0,0.20833333333333334,0.6153846153846154,0.8181818181818182,0.2027972027972028
81,23,0,0.2839506172839506,0.693877551020408,0.9787234042553191,0.2848458532349111
87,25,4,0.28735632183908044,0.888888888888889,0.96,0.07111111111111101
87,22,3,0.25287356321839083,0.823529411764706,0.875,0.051470588235294046
74,11,0,0.14864864864864866,0.4444444444444444,0.5925925925925926,0.14814814814814814
33,9,0,0.2727272727272727,0.9473684210526316,1.0,0.05263157894736836
105,26,0,0.24761904761904763,0.8064516129032258,0.8524590163934427,0.046007403490216925
264,70,17,0.26515151515151514,0.563758389261745,0.6338028169014085,0.07004442763966345
302,72,28,0.23841059602649006,0.40935672514619886,0.40935672514619886,0.0
39,19,0,0.48717948717948717,0.972972972972973,0.972972972972973,0.0
75,21,4,0.28,0.8095238095238095,0.8717948717948718,0.06227106227106227
111,23,0,0.2072072072072072,0.8,0.8461538461538461,0.0461538461538461
36,11,0,0.3055555555555556,1.0,1.0,0.0
33,10,0,0.30303030303030304,1.0,1.0,0.0
40,5,0,0.125,0.8333333333333333,1.0,0.16666666666666674
336,100,27,0.2976190476190476,0.4019607843137255,0.6562500000000001,0.2542892156862746
70,21,10,0.3,0.7555555555555556,0.9047619047619048,0.14920634920634912
71,21,9,0.29577464788732394,0.7555555555555556,0.9047619047619048,0.14920634920634912
71,19,8,0.2676056338028169,0.8095238095238095,0.8205128205128205,0.01098901098901095
55,10,0,0.18181818181818182,0.4,0.7692307692307693,0.36923076923076925
51,7,0,0.13725490196078433,0.631578947368421,0.7058823529411764,0.07430340557275539
31,8,0,0.25806451612903225,0.5333333333333333,0.9411764705882353,0.40784313725490196
249,60,16,0.24096385542168675,0.421875,0.45378151260504196,0.03190651260504196
72,21,4,0.2916666666666667,0.5500000000000002,0.9500000000000001,0.3999999999999999
76,15,2,0.19736842105263158,0.6511627906976745,0.8,0.14883720930232558
76,6,0,0.07894736842105263,0.23529411764705882,0.3478260869565218,0.11253196930946296
76,17,5,0.2236842105263158,0.5945945945945946,0.8648648648648648,0.2702702702702702
147,36,0,0.24489795918367346,0.09638554216867469,0.5060240963855422,0.40963855421686757
72,21,4,0.2916666666666667,0.8780487804878048,0.9500000000000001,0.0719512195121953
65,16,0,0.24615384615384617,0.823529411764706,0.8823529411764706,0.05882352941176461
75,21,0,0.28,0.7272727272727272,1.0,0.2727272727272728
76,18,3,0.23684210526315788,0.42857142857142855,0.8947368421052632,0.4661654135338346
74,20,4,0.2702702702702703,0.22727272727272727,0.9268292682926829,0.6995565410199556
71,20,4,0.28169014084507044,0.5116279069767442,0.9268292682926829,0.41520136131593866
75,21,0,0.28,0.7272727272727272,1.0,0.2727272727272728
71,19,0,0.2676056338028169,0.6818181818181819,0.9743589743589743,0.29254079254079246
86,21,2,0.2441860465116279,0.4583333333333333,0.5,0.041666666666666685
76,15,0,0.19736842105263158,0.6153846153846154,0.7500000000000001,0.1346153846153847
75,19,0,0.25333333333333335,0.8837209302325582,0.9500000000000001,0.06627906976744191
69,19,2,0.2753623188405797,0.6666666666666667,0.8205128205128205,0.15384615384615374
30,10,3,0.3333333333333333,0.0,0.8421052631578948,0.8421052631578948
83,25,4,0.30120481927710846,0.6521739130434783,0.9361702127659575,0.2839962997224792
74,20,4,0.2702702702702703,0.8837209302325583,0.9500000000000001,0.0662790697674418
30,11,0,0.36666666666666664,0.8421052631578948,1.0,0.1578947368421052
49,10,0,0.20408163265306123,0.7499999999999999,0.888888888888889,0.13888888888888906
110,27,0,0.24545454545454545,0.4761904761904762,0.5,0.02380952380952378
31,7,0,0.22580645161290322,0.39999999999999997,0.8235294117647058,0.4235294117647059
63,20,9,0.31746031746031744,0.6666666666666667,0.9230769230769231,0.2564102564102564
64,17,0,0.265625,0.5882352941176471,0.8749999999999999,0.2867647058823528
75,21,0,0.28,0.8750000000000001,1.0,0.12499999999999989
72,20,0,0.2777777777777778,0.8260869565217392,0.9523809523809523,0.12629399585921308
72,16,0,0.2222222222222222,0.25,0.33333333333333326,0.08333333333333326
71,20,9,0.28169014084507044,0.7272727272727272,0.8780487804878048,0.1507760532150776
57,8,0,0.14035087719298245,0.56,0.6399999999999999,0.07999999999999985
32,14,0,0.4375,0.6956521739130435,0.888888888888889,0.1932367149758455
31,15,0,0.4838709677419355,0.9655172413793104,1.0,0.03448275862068961
101,35,0,0.3465346534653465,0.9722222222222222,0.9859154929577464,0.013693270735524177
76,26,0,0.34210526315789475,0.8679245283018868,0.9600000000000001,0.09207547169811325
