rfam_id,n,top1_precision_mean,top1_recall_mean,top1_f1_mean,top100_precision_mean,top100_recall_mean,top100_f1_mean,top1_mcc_mean,top100_mcc_mean,top1_precision_median,top1_recall_median,top1_f1_median,top100_precision_median,top100_recall_median,top100_f1_median,delta_f1_mean,delta_f1_median,p_best100_ge_0p7,p_best100_ge_0p9,min_n_predictions,p_best_rank_le_10,best_rank_median,best_rank_p90,best_rank_max,p_delta_f1_ge_0p3
RF00005,306.0,0.5959327246760373,0.7971748259586301,0.6664742250392302,0.7769121012632596,0.8951225022501191,0.817774272905972,0.6785025050866992,0.8254692039247706,0.6449579831932774,0.9128787878787878,0.7126984126984127,0.85,0.95,0.8912529550827424,0.15130004786674203,0.11261386294272696,0.7843137254901961,0.4738562091503268,95.0,0.2777777777777778,33.5,85.0,100.0,0.11437908496732026
no_rfam_hit,90.0,0.5339848771849812,0.6106201017685484,0.555169057727984,0.6984134208031116,0.752220445216587,0.7137693765125522,0.5597482781835483,0.7175467740051987,0.5833333333333334,0.7386363636363636,0.6583333333333333,0.8333333333333334,0.8856209150326797,0.8396572827417381,0.1586003187845684,0.11111111111111105,0.6222222222222222,0.4111111111111111,1.0,0.28888888888888886,29.5,82.10000000000001,100.0,0.17777777777777778
RF00167,12.0,0.7598655895337817,0.8481411450232961,0.796310778949593,0.8912372471582999,0.8868107356665709,0.887339394746868,0.7982587001102192,0.8872148989979984,0.723731884057971,0.8603896103896104,0.7825396825396826,0.9047619047619048,0.9,0.8942414174972315,0.09102861579727466,0.07216741591741599,1.0,0.5,100.0,0.3333333333333333,37.0,61.900000000000006,84.0,0.0
RF01852,11.0,0.7076081706804493,0.7511242723938163,0.7181266272273924,0.8666053618797165,0.8873704607718238,0.8711318133104126,0.7213707316600327,0.8729886703876474,0.8064516129032258,0.9117647058823529,0.8620689655172414,0.9285714285714286,0.9285714285714286,0.9285714285714286,0.15300518608301983,0.047484454494064576,0.9090909090909091,0.7272727272727273,100.0,0.2727272727272727,16.0,83.0,86.0,0.2727272727272727
RF00458,9.0,0.2031772522790885,0.5059598491177438,0.27434620946351734,0.30275879319555066,0.6507307831869236,0.39208515014047035,0.3075710766147999,0.4284628481663663,0.11764705882352941,0.5714285714285714,0.19672131147540983,0.2857142857142857,0.6842105263157895,0.34782608695652173,0.11773894067695306,0.07257870704157648,0.1111111111111111,0.0,100.0,0.2222222222222222,58.0,97.4,99.0,0.1111111111111111
RF00386,9.0,0.8055678382464097,0.8540152707987017,0.8178548509211842,0.8609055654543548,0.9406282657990732,0.8950247780185795,0.8224337112351594,0.8972121314423072,0.8571428571428571,0.8775510204081632,0.793103448275862,0.9142857142857143,0.9565217391304348,0.955223880597015,0.0771699270973954,0.059701492537313605,1.0,0.5555555555555556,87.0,0.2222222222222222,63.0,95.8,99.0,0.0
RF00023,8.0,0.31247267311581134,0.7314821111696111,0.42734638957540877,0.4102612833413604,0.7857640717015717,0.5284097975504284,0.4691870351916802,0.5600360338125133,0.25252525252525254,0.7569444444444444,0.3516906762705082,0.4167579408543264,0.85625,0.5307196324019862,0.10106340797501959,0.09996322465043861,0.25,0.0,100.0,0.125,50.0,89.9,92.0,0.0
RF00027,8.0,0.5945708719605778,0.8881451989894851,0.6947625935003059,0.6586413142838975,0.9149435820945832,0.7566037324896255,0.7150661746426737,0.7698401594902031,0.6468058968058968,0.8857758620689655,0.7452907452907453,0.7361111111111112,0.9344086021505376,0.8217247097844114,0.06184113898931976,0.07325182325182322,0.625,0.125,100.0,0.0,30.5,86.0,86.0,0.0
RF00003,8.0,0.6172065507591823,0.7142239908784026,0.6571938332597893,0.8949404761904761,0.9312378797672916,0.9060056206714456,0.658140101112514,0.9088595208304724,0.6188034188034188,0.8403361344537814,0.7180667433831991,0.9666666666666667,0.9615384615384616,0.9415384615384615,0.24881178741165635,0.09148322941426396,1.0,0.625,100.0,0.875,9.5,12.399999999999999,18.0,0.375
RF01684,7.0,0.7794148380355278,0.8237737200143217,0.7916853917168364,0.8984827147233163,0.9023451485857502,0.8982933524286908,0.794191250250288,0.8981349026410663,0.8333333333333334,0.9473684210526315,0.8421052631578948,0.9473684210526315,0.95,0.9473684210526315,0.10660796071185434,0.06627680311890827,1.0,0.5714285714285714,100.0,0.2857142857142857,55.0,86.4,90.0,0.14285714285714285
RF03072,6.0,0.3295990559148454,0.3791669374313418,0.34762508319094,0.4719431491283221,0.511513092513446,0.48367679466391106,0.3484154612791386,0.4861494572267619,0.34523809523809523,0.367003367003367,0.3557312252964427,0.45408163265306123,0.41951219512195126,0.4283935242839353,0.1360517114729711,0.07422121007647325,0.16666666666666666,0.0,100.0,0.16666666666666666,54.5,84.0,91.0,0.16666666666666666
RF00017,6.0,0.45905054329424083,0.5335256924567034,0.4882387834692527,0.5702204228520018,0.5880306365108278,0.5759508089320295,0.48991404353227724,0.5757842378814545,0.5384615384615384,0.628125,0.5795584316711078,0.6410256410256411,0.7404761904761905,0.6899505138941759,0.08771202546277697,0.08976833976833981,0.5,0.0,100.0,0.16666666666666666,40.0,79.5,91.0,0.0
RF00028,6.0,0.5860877156942169,0.6579688981535768,0.619052643604184,0.6596698136584399,0.6801677777053974,0.668228016005962,0.6196653056071185,0.6683383813059316,0.6058712958867758,0.6615312791783381,0.631098482558491,0.6925,0.6646825396825398,0.6753919744884401,0.049175372401778085,0.037129996229260886,0.5,0.0,100.0,0.16666666666666666,23.0,70.5,80.0,0.0
RF00026,6.0,0.5690656379510869,0.5923687423687424,0.5642961876832844,0.7971560846560847,0.917857142857143,0.8477342405672359,0.5686209171370858,0.8514767748598886,0.5357142857142857,0.6214285714285714,0.563049853372434,0.8506944444444444,0.9285714285714286,0.8982758620689655,0.28343805288395146,0.2845960532278664,0.8333333333333334,0.5,57.0,0.0,34.5,86.5,89.0,0.5
RF00036,6.0,0.8028360528360529,0.936233907704496,0.8582594321352969,0.8674893946633077,0.9495672410378293,0.9045855417695808,0.8626893380367955,0.9058038927044127,0.7980769230769231,0.9386363636363637,0.8599439775910364,0.8653846153846154,0.9686363636363636,0.9173967459324155,0.04632610963428402,0.053863009825404706,1.0,0.5,100.0,0.3333333333333333,28.0,52.5,65.0,0.0
RF00061,5.0,0.41551383046639206,0.43597282347282346,0.42344884509730585,0.6404431010261258,0.6172498797498798,0.6248594525374458,0.4217183799373815,0.6254885838929817,0.35353535353535354,0.4861111111111111,0.40935672514619886,0.7096774193548387,0.625,0.6730769230769231,0.20141060744013983,0.1400966183574879,0.2,0.2,100.0,0.2,81.0,97.0,97.0,0.4
RF00442,5.0,0.5395755233643417,0.610110931157565,0.5689706761045935,0.7351086956521738,0.7771960825782704,0.7509021991462987,0.5694816872838693,0.7522250621672318,0.5,0.71875,0.588235294117647,0.8,0.8125,0.7868852459016393,0.18193152304170515,0.08234126984126977,0.6,0.2,100.0,0.0,36.0,81.0,81.0,0.2
RF00020,5.0,0.5944636814798105,0.9149621232485684,0.7097209728469098,0.6550959513028479,0.9149621232485684,0.75167843428713,0.7304026247503088,0.7670965263038495,0.6545454545454545,0.9565217391304348,0.782608695652174,0.6545454545454545,0.9565217391304348,0.782608695652174,0.04195746144022008,0.0461538461538461,0.6,0.2,100.0,0.6,8.0,24.6,33.0,0.0
RF00059,5.0,0.4526176552492342,0.5081864988558353,0.4753811906026694,0.7896376811594201,0.8022134387351778,0.792938967007198,0.4739573843294559,0.7929973293606121,0.5238095238095238,0.5,0.5116279069767442,0.7916666666666666,0.9545454545454546,0.8837209302325582,0.31755777640452865,0.3447004608294932,0.6,0.4,100.0,0.2,28.0,94.8,98.0,0.6
RF01750,5.0,0.8663423050379573,0.9703703703703704,0.9134893034507925,0.9409551656920078,0.9703703703703704,0.9550234444971286,0.9151736601467075,0.9549828174501902,0.85,0.9629629629629629,0.9047619047619047,0.9473684210526315,0.9629629629629629,0.9629629629629629,0.04153414104633617,0.017508417508417473,1.0,0.8,100.0,0.6,8.0,16.0,16.0,0.0
RF02925,4.0,0.3620193682104059,0.46297992844460467,0.40291000546560085,0.4565150046981442,0.5494346322773573,0.4964554718653079,0.40601122668581324,0.49838134659645494,0.3020833333333333,0.40394088669950734,0.34226190476190477,0.45359848484848486,0.5433137089991589,0.49902419984387203,0.09354546639970704,0.030328637717446816,0.0,0.0,100.0,0.5,22.0,64.80000000000001,78.0,0.25
RF00379,4.0,0.39617208672086723,0.46015697945845,0.4248856209150327,0.5148500924362993,0.5588381185807657,0.5329926238145416,0.42356071375835025,0.5326389634091266,0.2923441734417344,0.35434173669467783,0.31137254901960787,0.4372236958443855,0.5378151260504201,0.48136986301369866,0.10810700289950893,0.10781548516842636,0.25,0.25,100.0,0.5,44.5,81.0,81.0,0.0
RF00024,4.0,0.4851495880907646,0.6454517704517705,0.5325683318948274,0.7106608669108669,0.8514957264957265,0.7529603547209182,0.5432393034757448,0.7646893110526611,0.4518716577540107,0.6837606837606838,0.5035538545653363,0.8839285714285714,0.9807692307692308,0.9296296296296296,0.2203920228260906,0.06404493716613957,0.75,0.75,100.0,0.25,57.5,81.5,83.0,0.25
RF00162,4.0,0.5468253968253969,0.6781992337164751,0.5966435745130714,0.7055091137649278,0.8310632183908045,0.7543356698879361,0.6023909129672814,0.7600578951715862,0.575,0.6777777777777778,0.6060957910014515,0.6810182275298555,0.8537931034482759,0.7725602286647612,0.15769209537486475,0.12219682762931716,0.75,0.0,100.0,0.25,78.0,81.7,82.0,0.25
RF02340,4.0,0.5702400278293135,0.7818681318681319,0.6523758911399362,0.6993337631635503,0.9240155677655677,0.7890771374964425,0.6616942995209625,0.7990000187589472,0.5350378787878788,0.8756410256410256,0.6621621621621623,0.7272727272727273,0.9432692307692307,0.8007542426147077,0.13670124635650632,0.09535591929958126,1.0,0.0,100.0,0.5,46.5,87.8,89.0,0.25
RF03013,4.0,0.5598039215686275,0.5198412698412699,0.533375226923614,0.921875,0.8878472222222222,0.9014821807101219,0.531390942936918,0.9020500276702743,0.6862745098039216,0.6111111111111112,0.6728110599078341,0.9375,0.8694444444444445,0.9261261261261261,0.3681069537865078,0.253315066218292,1.0,0.75,100.0,0.5,32.0,75.0,81.0,0.5
RF01689,3.0,0.2890056803100281,0.3925438596491228,0.3325343738387217,0.5766975308641975,0.681140350877193,0.6195429472025217,0.33263648779196336,0.6221281609584828,0.38461538461538464,0.5,0.4347826086956522,0.5925925925925926,0.8,0.6808510638297872,0.2870085733638,0.2649572649572649,0.3333333333333333,0.0,100.0,0.0,49.0,58.6,61.0,0.3333333333333333
RF00009,3.0,0.5946240554936207,0.7380952380952381,0.6367411000058608,0.6428571428571429,0.7017857142857142,0.6664778165080646,0.6504779635562378,0.6688669999267187,0.42735042735042733,0.7321428571428571,0.5076142131979695,0.5,0.5892857142857143,0.5402298850574714,0.029736716502203758,0.03261567185950187,0.3333333333333333,0.3333333333333333,100.0,0.3333333333333333,43.0,75.8,84.0,0.0
RF00010,3.0,0.6191035530621786,0.7137035583464155,0.6573777936538264,0.6803110506150434,0.6681907378335948,0.6711127903420234,0.6611353577612724,0.6720404448206936,0.6173913043478261,0.6826923076923077,0.6484018264840182,0.7126436781609196,0.6125,0.649214659685864,0.013734996688196962,0.0008128332018457751,0.3333333333333333,0.0,100.0,0.3333333333333333,51.0,54.2,55.0,0.0
RF00011,3.0,0.5323266709136274,0.5989229889439572,0.5633512438597185,0.668095088974228,0.7072563222772906,0.6865496940286259,0.5631812383539816,0.686301649869702,0.5054945054945055,0.5348837209302325,0.5197740112994349,0.7058823529411765,0.7868852459016393,0.7441860465116278,0.1231984501689074,0.024604686925417174,0.6666666666666666,0.0,100.0,0.0,70.0,78.8,81.0,0.3333333333333333
RF01857,3.0,0.5451157920670116,0.6894586894586895,0.6022706783862971,0.6722222222222222,0.8119658119658121,0.7293550331525015,0.6075518605372235,0.7343380374916331,0.625,0.7435897435897436,0.6896551724137931,0.75,0.7692307692307693,0.7594936708860761,0.1270843547662045,0.10784313725490191,0.6666666666666666,0.3333333333333333,100.0,0.0,97.0,97.0,97.0,0.0
RF01415,3.0,0.5124812030075189,0.5232323232323233,0.5140120803177886,0.7372549019607844,0.7937373737373737,0.7637056737588651,0.511812766362498,0.7628147273041591,0.56,0.6,0.5957446808510639,0.84,0.9545454545454546,0.8936170212765958,0.24969359344107667,0.2978723404255319,0.6666666666666666,0.3333333333333333,100.0,0.3333333333333333,31.0,53.4,59.0,0.3333333333333333
RF01051,3.0,0.6602564102564102,0.6180676328502416,0.6365026990809218,0.7680776014109347,0.7740096618357488,0.7664265294453974,0.6353681264012022,0.7669732120307228,0.7307692307692307,0.76,0.7450980392156863,0.7857142857142857,0.8333333333333334,0.830188679245283,0.12992383036447547,0.08509064002959665,0.6666666666666666,0.3333333333333333,100.0,0.3333333333333333,56.0,76.8,82.0,0.3333333333333333
RF00168,3.0,0.787577365163572,0.7538067944208015,0.7701424501424502,0.8039977264115196,0.8189958426606972,0.8110161443494777,0.7694029595598749,0.8103990863572205,0.6896551724137931,0.6779661016949152,0.6837606837606838,0.8103448275862069,0.7966101694915254,0.8034188034188032,0.04087369420702747,0.002962962962962945,0.6666666666666666,0.3333333333333333,100.0,0.3333333333333333,20.0,28.8,31.0,0.0
RF00174,3.0,0.6749571183533448,0.7627627627627627,0.7125390450691654,0.8055555555555557,0.8965118965118966,0.843368865840776,0.7146474272585545,0.8466422459803061,0.5909090909090909,0.6666666666666666,0.6265060240963856,0.7435897435897436,0.9459459459459459,0.7865168539325843,0.13082982077161043,0.11708371949335816,1.0,0.3333333333333333,100.0,0.6666666666666666,6.0,49.2,60.0,0.0
RF01716,3.0,0.6279176201372997,0.7852941176470588,0.6947803617571059,0.8484477124183006,0.8970588235294118,0.8581699346405229,0.6978309688466257,0.8643213522620735,0.631578947368421,0.75,0.6976744186046512,0.9375,0.9411764705882353,0.8333333333333334,0.1633895728834169,0.1356589147286822,1.0,0.3333333333333333,100.0,0.0,45.0,77.8,86.0,0.0
RF01834,3.0,0.875,0.9047619047619048,0.8746031746031745,0.875,0.9047619047619048,0.8746031746031745,0.880801207355194,0.880801207355194,0.875,1.0,0.8571428571428571,0.875,1.0,0.8571428571428571,0.0,0.0,1.0,0.3333333333333333,100.0,1.0,1.0,1.0,1.0,0.0
RF01739,3.0,0.7067736185383243,0.9375,0.8024749373433585,0.8357843137254902,0.9791666666666666,0.8966049382716049,0.8105014765391121,0.9012014483626477,0.6470588235294118,1.0,0.7857142857142858,0.8823529411764706,1.0,0.9375,0.09413000092824646,0.02910052910052896,1.0,0.6666666666666666,100.0,1.0,3.0,3.0,3.0,0.0
RF00507,3.0,0.8377777777777777,0.9549206349206348,0.8878104575163399,0.864957264957265,0.9682539682539683,0.9084967320261438,0.8912953470224586,0.9120049413802094,0.92,0.96,0.9583333333333334,0.9615384615384616,1.0,0.9803921568627451,0.02068627450980391,0.020392156862745092,1.0,0.6666666666666666,100.0,0.6666666666666666,2.0,77.2,96.0,0.0
RF03165,3.0,0.7619047619047619,0.7836257309941521,0.7722222222222223,0.9210144927536232,0.9093567251461988,0.9147117657755954,0.7703827486561532,0.9141780041976912,0.8333333333333334,0.8333333333333334,0.8333333333333334,0.9565217391304348,0.9166666666666666,0.9361702127659574,0.1424895435533732,0.10283687943262398,1.0,0.6666666666666666,100.0,0.6666666666666666,2.0,25.200000000000003,31.0,0.0
RF00173,3.0,0.7666666666666666,0.9259259259259259,0.8382066276803118,0.9212962962962963,0.9259259259259259,0.9215686274509803,0.8398298427140305,0.921514695925378,0.8,1.0,0.888888888888889,0.8888888888888888,1.0,0.9411764705882353,0.08336199977066854,0.08668730650154821,1.0,0.6666666666666666,100.0,0.3333333333333333,30.0,37.2,39.0,0.0
RF00080,3.0,0.8924972766884531,0.9444444444444445,0.9163796666207465,0.9481915933528837,0.9537037037037037,0.9499442586399107,0.9168991598391312,0.9501401444573796,0.8888888888888888,1.0,0.9411764705882353,0.9393939393939394,1.0,0.9666666666666666,0.03356459201916421,0.04140786749482417,1.0,0.6666666666666666,100.0,0.3333333333333333,32.0,68.0,77.0,0.0
RF00100,3.0,0.7952380952380952,0.898148148148148,0.8424222253918444,0.9328449328449328,0.9722222222222222,0.9518699186991869,0.8423891713351416,0.9516874416173811,0.7333333333333333,0.9166666666666666,0.8148148148148148,0.9523809523809523,1.0,0.975609756097561,0.10944769330734246,0.06518518518518512,1.0,0.6666666666666666,100.0,0.6666666666666666,10.0,19.6,22.0,0.0
RF00169,3.0,0.503968253968254,0.5464015151515151,0.5227450980392156,0.9116809116809117,1.0,0.9526143790849674,0.5195627663732358,0.9537583350104133,0.42857142857142855,0.5454545454545454,0.4799999999999999,0.8888888888888888,1.0,0.9411764705882353,0.4298692810457516,0.4366666666666667,1.0,1.0,100.0,0.3333333333333333,81.0,81.0,81.0,0.6666666666666666
RF00094,2.0,0.0,0.0,0.0,0.13043478260869565,0.15029761904761904,0.13927738927738925,-0.008563723686539739,0.13308195978226448,0.0,0.0,0.0,0.13043478260869565,0.15029761904761904,0.13927738927738925,0.13927738927738925,0.13927738927738925,0.0,0.0,100.0,0.0,53.0,69.0,73.0,0.0
RF01988,2.0,0.0,0.0,0.0,0.2928571428571428,0.7,0.41052631578947363,-0.008003919678847156,0.4477350165059071,0.0,0.0,0.0,0.2928571428571428,0.7,0.41052631578947363,0.41052631578947363,0.41052631578947363,0.0,0.0,100.0,0.0,82.5,83.7,84.0,1.0
RF01792,2.0,0.4,0.5,0.4444444444444445,0.4444444444444444,0.5,0.47058823529411764,0.443431725920614,0.4689238828418435,0.4,0.5,0.4444444444444445,0.4444444444444444,0.5,0.47058823529411764,0.026143790849673165,0.026143790849673165,0.5,0.5,90.0,0.5,48.0,84.0,93.0,0.0
RF00310,2.0,0.30193014705882354,0.6798850574712644,0.4179644658916429,0.34880514705882354,0.7798850574712644,0.48179425312568547,0.45187355933757745,0.5204962096266157,0.30193014705882354,0.6798850574712644,0.4179644658916429,0.34880514705882354,0.7798850574712644,0.48179425312568547,0.06382978723404259,0.06382978723404259,0.0,0.0,100.0,0.5,15.0,26.2,29.0,0.0
RF02477,2.0,0.33995502248875564,0.5900000000000001,0.43092598142043753,0.40700483091787437,0.6177777777777778,0.48635019996522344,0.44618067158210484,0.4978640776927352,0.33995502248875564,0.5900000000000001,0.43092598142043753,0.40700483091787437,0.6177777777777778,0.48635019996522344,0.05542421854478588,0.05542421854478588,0.0,0.0,100.0,0.5,36.0,64.0,71.0,0.0
RF01807,2.0,0.3718449128285194,0.4280701754385965,0.39733013349332535,0.5050219711236661,0.5343859649122807,0.5192307692307692,0.3966921760282743,0.5179744559972703,0.3718449128285194,0.4280701754385965,0.39733013349332535,0.5050219711236661,0.5343859649122807,0.5192307692307692,0.12190063573744389,0.12190063573744389,0.0,0.0,100.0,0.0,74.5,89.3,93.0,0.0
RF01854,2.0,0.3197308132875143,0.47294832826747724,0.37059859154929575,0.4979166666666667,0.5799392097264437,0.5206541490006057,0.38043244564485773,0.5279710992623374,0.3197308132875143,0.47294832826747724,0.37059859154929575,0.4979166666666667,0.5799392097264437,0.5206541490006057,0.15005555745130994,0.15005555745130994,0.0,0.0,100.0,0.0,40.0,50.4,53.0,0.0
RF03045,2.0,0.2857142857142857,0.29166666666666663,0.28717948717948716,0.5277777777777778,0.6458333333333333,0.5798319327731093,0.2826335902845431,0.5799118321495355,0.2857142857142857,0.29166666666666663,0.28717948717948716,0.5277777777777778,0.6458333333333333,0.5798319327731093,0.29265244559362213,0.29265244559362213,0.0,0.0,100.0,0.5,50.5,89.3,99.0,0.5
RF02348,2.0,0.2720588235294118,0.32564102564102565,0.29569892473118287,0.5904761904761905,0.7076923076923077,0.6352941176470589,0.2938379475904357,0.6404775106446141,0.2720588235294118,0.32564102564102565,0.29569892473118287,0.5904761904761905,0.7076923076923077,0.6352941176470589,0.33959519291587603,0.33959519291587603,0.5,0.0,100.0,0.5,41.5,73.1,81.0,0.5
RF02266,2.0,0.5876923076923077,0.7493734335839599,0.6586073500967118,0.6376811594202898,0.7493734335839599,0.6888888888888889,0.6608673600919568,0.6888230639865319,0.5876923076923077,0.7493734335839599,0.6586073500967118,0.6376811594202898,0.7493734335839599,0.6888888888888889,0.0302815387921771,0.0302815387921771,0.5,0.0,100.0,0.0,48.0,74.4,81.0,0.0
RF03016,2.0,0.6764705882352942,0.5934687953555877,0.6306366047745358,0.7450980392156863,0.6595065312046444,0.6979442970822282,0.631457268743427,0.6990720035875184,0.6764705882352942,0.5934687953555877,0.6306366047745358,0.7450980392156863,0.6595065312046444,0.6979442970822282,0.06730769230769235,0.06730769230769235,0.5,0.0,100.0,0.5,24.5,43.3,48.0,0.0
RF02136,2.0,0.4986772486772487,0.6551638530287984,0.5652173913043479,0.6567489114658926,0.7701092353525323,0.7046121593291405,0.5697988300976227,0.7082070589145493,0.4986772486772487,0.6551638530287984,0.5652173913043479,0.6567489114658926,0.7701092353525323,0.7046121593291405,0.13939476802479261,0.13939476802479261,0.5,0.0,100.0,0.0,69.0,78.6,81.0,0.0
RF03160,2.0,0.4519230769230769,0.3746130030959752,0.4095238095238095,0.75,0.6857585139318885,0.7142857142857143,0.4047107991049651,0.7125294800097746,0.4519230769230769,0.3746130030959752,0.4095238095238095,0.75,0.6857585139318885,0.7142857142857143,0.3047619047619048,0.3047619047619048,0.5,0.5,100.0,1.0,9.5,9.9,10.0,0.5
RF01764,2.0,0.608974358974359,0.6727688787185355,0.6381461675579323,0.7763975155279503,0.7425629290617849,0.7587849910661109,0.6369751389007143,0.7575707226865493,0.608974358974359,0.6727688787185355,0.6381461675579323,0.7763975155279503,0.7425629290617849,0.7587849910661109,0.1206388235081785,0.1206388235081785,0.5,0.0,100.0,0.0,16.0,18.4,19.0,0.0
RF00233,2.0,0.46336206896551724,0.5185185185185185,0.4891041162227603,0.8148148148148149,0.7222222222222222,0.7637944066515494,0.48651926993110645,0.7648210079289137,0.46336206896551724,0.5185185185185185,0.4891041162227603,0.8148148148148149,0.7222222222222222,0.7637944066515494,0.27469029042878923,0.27469029042878923,0.5,0.0,100.0,0.0,30.0,45.2,49.0,0.5
RF00230,2.0,0.31006493506493504,0.42105263157894735,0.3559937727036845,0.7178571428571429,0.868421052631579,0.7806873977086743,0.35501387424657466,0.7856580139967597,0.31006493506493504,0.42105263157894735,0.3559937727036845,0.7178571428571429,0.868421052631579,0.7806873977086743,0.4246936250049898,0.4246936250049898,0.5,0.5,100.0,0.0,47.5,75.9,83.0,0.5
RF01831,2.0,0.657088122605364,0.7496807151979565,0.6967706622879037,0.8386243386243386,0.8186462324393359,0.827922077922078,0.6980450484685028,0.8272648189526364,0.657088122605364,0.7496807151979565,0.6967706622879037,0.8386243386243386,0.8186462324393359,0.827922077922078,0.13115141563417426,0.13115141563417426,1.0,0.5,100.0,0.0,47.0,62.2,66.0,0.0
RF01084,2.0,0.7368421052631579,0.865531914893617,0.7958303378864127,0.7785087719298245,0.9068085106382979,0.837673532347337,0.7977660120311929,0.8395813534286984,0.7368421052631579,0.865531914893617,0.7958303378864127,0.7785087719298245,0.9068085106382979,0.837673532347337,0.04184319446092427,0.04184319446092427,1.0,0.0,100.0,0.0,21.0,27.4,29.0,0.0
RF00254,2.0,0.8365384615384616,0.8194444444444444,0.8278301886792453,0.9018218623481782,0.8629629629629629,0.8819545234639574,0.8265065695522507,0.8812353934315896,0.8365384615384616,0.8194444444444444,0.8278301886792453,0.9018218623481782,0.8629629629629629,0.8819545234639574,0.054124334784712125,0.054124334784712125,1.0,0.5,100.0,0.0,59.5,83.1,89.0,0.0
RF00622,2.0,0.7673160173160173,1.0,0.8683298683298684,0.8416666666666667,0.96875,0.9006359300476947,0.8750197379134026,0.9022045490478561,0.7673160173160173,1.0,0.8683298683298684,0.8416666666666667,0.96875,0.9006359300476947,0.032306061717826406,0.032306061717826406,1.0,0.5,100.0,0.0,11.5,11.9,12.0,0.0
RF00015,2.0,0.6833333333333333,0.9375,0.7901430842607313,0.8375,1.0,0.9111111111111112,0.7980758477148404,0.9140761087236697,0.6833333333333333,0.9375,0.7901430842607313,0.8375,1.0,0.9111111111111112,0.12096802685037988,0.12096802685037988,1.0,0.5,100.0,0.0,72.5,76.9,78.0,0.0
RF01734,2.0,0.7166666666666667,0.8666666666666667,0.7743589743589744,0.8846153846153846,0.9666666666666667,0.9175412293853074,0.780528895450854,0.9208020169684334,0.7166666666666667,0.8666666666666667,0.7743589743589744,0.8846153846153846,0.9666666666666667,0.9175412293853074,0.14318225502633303,0.14318225502633303,1.0,0.5,100.0,0.5,47.0,77.4,85.0,0.0
RF01054,2.0,0.7204301075268817,0.9761904761904762,0.8285204991087344,0.8653846153846154,1.0,0.9268085106382979,0.8369598517090409,0.9291756852873518,0.7204301075268817,0.9761904761904762,0.8285204991087344,0.8653846153846154,1.0,0.9268085106382979,0.09828801152956351,0.09828801152956351,1.0,0.5,100.0,0.0,61.5,62.7,63.0,0.0
RF01510,2.0,0.8593073593073592,0.8047619047619048,0.8302938196555218,0.9523809523809523,0.9123809523809524,0.9315476190476191,0.8293569754248874,0.9312367930458185,0.8593073593073592,0.8047619047619048,0.8302938196555218,0.9523809523809523,0.9123809523809524,0.9315476190476191,0.10125379939209722,0.10125379939209722,1.0,1.0,100.0,0.5,17.0,28.2,31.0,0.0
RF03093,2.0,0.6666666666666666,0.75,0.7058823529411765,0.8888888888888888,1.0,0.9411764705882353,0.702455073134701,0.9419233588674704,0.6666666666666666,0.75,0.7058823529411765,0.8888888888888888,1.0,0.9411764705882353,0.23529411764705876,0.23529411764705876,1.0,1.0,100.0,0.0,57.0,57.0,57.0,0.0
RF00008,2.0,0.8928571428571428,0.9128787878787878,0.8992673992673992,0.9285714285714286,0.9772727272727273,0.9499105545617174,0.8997173652482581,0.9507604655421616,0.8928571428571428,0.9128787878787878,0.8992673992673992,0.9285714285714286,0.9772727272727273,0.9499105545617174,0.05064315529431812,0.05064315529431812,1.0,1.0,100.0,0.0,85.0,85.0,85.0,0.0
RF02553,2.0,0.7867132867132867,0.7738095238095237,0.7795004306632214,0.9583333333333333,0.9583333333333333,0.9583333333333333,0.778014635301111,0.9579777686646009,0.7867132867132867,0.7738095238095237,0.7795004306632214,0.9583333333333333,0.9583333333333333,0.9583333333333333,0.17883290267011198,0.17883290267011198,1.0,1.0,100.0,0.5,14.0,17.2,18.0,0.0
RF00170,2.0,0.6071428571428572,1.0,0.75,0.9285714285714286,1.0,0.9615384615384615,0.774059865205394,0.9625778574862007,0.6071428571428572,1.0,0.75,0.9285714285714286,1.0,0.9615384615384615,0.21153846153846156,0.21153846153846156,1.0,1.0,100.0,0.5,19.5,31.900000000000002,35.0,0.0
RF01767,2.0,0.7214285714285715,0.8,0.7547892720306514,0.9285714285714286,1.0,0.9615384615384615,0.7549953933909661,0.9624573260127981,0.7214285714285715,0.8,0.7547892720306514,0.9285714285714286,1.0,0.9615384615384615,0.20674918950781013,0.20674918950781013,1.0,1.0,100.0,0.5,10.5,11.7,12.0,0.5
RF02339,2.0,0.5625,0.6904761904761905,0.6190476190476191,0.9285714285714286,1.0,0.9615384615384615,0.6181935291201911,0.9625169202613171,0.5625,0.6904761904761905,0.6190476190476191,0.9285714285714286,1.0,0.9615384615384615,0.34249084249084244,0.34249084249084244,1.0,1.0,100.0,0.0,20.0,20.0,20.0,1.0
RF00065,2.0,0.8450980392156863,0.9333333333333333,0.8849462365591398,0.9666666666666667,1.0,0.9827586206896552,0.8851094136436788,0.9828931980344771,0.8450980392156863,0.9333333333333333,0.8849462365591398,0.9666666666666667,1.0,0.9827586206896552,0.0978123841305154,0.0978123841305154,1.0,1.0,100.0,0.5,15.5,23.1,25.0,0.0
RF02977,2.0,1.0,0.9705882352941176,0.9848484848484849,1.0,0.9705882352941176,0.9848484848484849,0.9848860730282876,0.9848860730282876,1.0,0.9705882352941176,0.9848484848484849,1.0,0.9705882352941176,0.9848484848484849,0.0,0.0,1.0,1.0,100.0,1.0,1.0,1.0,1.0,0.0
RF01850,2.0,0.9583333333333333,1.0,0.9782608695652174,1.0,1.0,1.0,0.9783267145795354,1.0,0.9583333333333333,1.0,0.9782608695652174,1.0,1.0,1.0,0.021739130434782594,0.021739130434782594,1.0,1.0,100.0,0.5,14.5,25.3,28.0,0.0
RF02803,2.0,0.9,1.0,0.9473684210526316,1.0,1.0,1.0,0.9477689042977498,1.0,0.9,1.0,0.9473684210526316,1.0,1.0,1.0,0.05263157894736836,0.05263157894736836,1.0,1.0,92.0,0.0,13.0,13.0,13.0,0.0
RF02805,1.0,0.0,0.0,0.0,0.0,0.0,0.0,-0.00648440872488558,-0.005642989017449295,0.0,0.0,0.0,0.0,0.0,0.0,0.0,0.0,0.0,0.0,100.0,0.0,44.0,44.0,44.0,0.0
RF01666,1.0,0.07407407407407407,0.4,0.125,0.10526315789473684,0.4,0.16666666666666666,0.1706227004903247,0.20395569840204134,0.07407407407407407,0.4,0.125,0.10526315789473684,0.4,0.16666666666666666,0.04166666666666666,0.04166666666666666,0.0,0.0,100.0,0.0,46.0,46.0,46.0,0.0
RF01316,1.0,0.043478260869565216,0.06666666666666667,0.052631578947368425,0.15789473684210525,0.2,0.17647058823529413,0.04838922099665569,0.17340405639771783,0.043478260869565216,0.06666666666666667,0.052631578947368425,0.15789473684210525,0.2,0.17647058823529413,0.12383900928792571,0.12383900928792571,0.0,0.0,100.0,0.0,62.0,62.0,62.0,0.0
RF02975,1.0,0.0,0.0,0.0,0.1875,0.1875,0.1875,-0.006833293845415038,0.18265828677839852,0.0,0.0,0.0,0.1875,0.1875,0.1875,0.1875,0.1875,0.0,0.0,100.0,0.0,59.0,59.0,59.0,0.0
RF02359,1.0,0.09876543209876543,0.5,0.16494845360824742,0.12962962962962962,0.4375,0.19999999999999998,0.22135598927627317,0.23742186225595047,0.09876543209876543,0.5,0.16494845360824742,0.12962962962962962,0.4375,0.19999999999999998,0.035051546391752564,0.035051546391752564,0.0,0.0,100.0,0.0,96.0,96.0,96.0,0.0
RF00806,1.0,0.07894736842105263,0.12,0.09523809523809523,0.23529411764705882,0.32,0.2711864406779661,0.09349307790835791,0.2714851235331892,0.07894736842105263,0.12,0.09523809523809523,0.23529411764705882,0.32,0.2711864406779661,0.17594834543987087,0.17594834543987087,0.0,0.0,100.0,0.0,74.0,74.0,74.0,0.0
RF02295,1.0,0.15,0.42857142857142855,0.2222222222222222,0.23076923076923078,0.42857142857142855,0.3,0.2498337773291912,0.31166626269281383,0.15,0.42857142857142855,0.2222222222222222,0.23076923076923078,0.42857142857142855,0.3,0.07777777777777778,0.07777777777777778,0.0,0.0,100.0,0.0,37.0,37.0,37.0,0.0
RF02584,1.0,0.20754716981132076,0.6470588235294118,0.3142857142857143,0.22580645161290322,0.6176470588235294,0.3307086614173228,0.3658623607866609,0.3728869109045091,0.20754716981132076,0.6470588235294118,0.3142857142857143,0.22580645161290322,0.6176470588235294,0.3307086614173228,0.016422947131608523,0.016422947131608523,0.0,0.0,100.0,0.0,58.0,58.0,58.0,0.0
RF01838,1.0,0.0,0.0,0.0,1.0,0.2222222222222222,0.3636363636363636,-0.01606231415508089,0.46782741582844406,0.0,0.0,0.0,1.0,0.2222222222222222,0.3636363636363636,0.3636363636363636,0.3636363636363636,0.0,0.0,23.0,1.0,3.0,3.0,3.0,1.0
RF01826,1.0,0.0,0.0,0.0,0.3076923076923077,0.4444444444444444,0.3636363636363637,-0.010109039926925426,0.3634934271160279,0.0,0.0,0.0,0.3076923076923077,0.4444444444444444,0.3636363636363637,0.3636363636363637,0.3636363636363637,0.0,0.0,85.0,1.0,6.0,6.0,6.0,1.0
RF03166,1.0,0.20454545454545456,0.6,0.30508474576271183,0.2682926829268293,0.7333333333333333,0.3928571428571429,0.34924074976446395,0.44268923733226506,0.20454545454545456,0.6,0.30508474576271183,0.2682926829268293,0.7333333333333333,0.3928571428571429,0.08777239709443108,0.08777239709443108,0.0,0.0,100.0,0.0,96.0,96.0,96.0,0.0
RF00634,1.0,0.275,0.275,0.275,0.3902439024390244,0.4,0.39506172839506176,0.27084586735424726,0.3915826792894715,0.275,0.275,0.275,0.3902439024390244,0.4,0.39506172839506176,0.12006172839506174,0.12006172839506174,0.0,0.0,100.0,0.0,51.0,51.0,51.0,0.0
RF01554,1.0,0.21052631578947367,0.5,0.2962962962962963,0.3333333333333333,0.5,0.4,0.31923767585035556,0.4045130307965006,0.21052631578947367,0.5,0.2962962962962963,0.3333333333333333,0.5,0.4,0.10370370370370374,0.10370370370370374,0.0,0.0,100.0,0.0,73.0,73.0,73.0,0.0
RF01057,1.0,0.15384615384615385,0.2222222222222222,0.18181818181818185,0.3333333333333333,0.5555555555555556,0.4166666666666667,0.17795190754666187,0.4252218572592866,0.15384615384615385,0.2222222222222222,0.18181818181818185,0.3333333333333333,0.5555555555555556,0.4166666666666667,0.23484848484848483,0.23484848484848483,0.0,0.0,100.0,1.0,5.0,5.0,5.0,0.0
RF02561,1.0,0.13043478260869565,0.21428571428571427,0.16216216216216214,0.4,0.5714285714285714,0.47058823529411764,0.16245612308452745,0.4753536246443442,0.13043478260869565,0.21428571428571427,0.16216216216216214,0.4,0.5714285714285714,0.47058823529411764,0.30842607313195547,0.30842607313195547,0.0,0.0,100.0,0.0,39.0,39.0,39.0,1.0
RF00030,1.0,0.2872340425531915,0.36,0.31952662721893493,0.4482758620689655,0.52,0.48148148148148145,0.32024416910803144,0.4818385879800339,0.2872340425531915,0.36,0.31952662721893493,0.4482758620689655,0.52,0.48148148148148145,0.16195485426254652,0.16195485426254652,0.0,0.0,100.0,1.0,8.0,8.0,8.0,0.0
RF00172,1.0,0.4166666666666667,0.5555555555555556,0.4761904761904762,0.45454545454545453,0.5555555555555556,0.5,0.4784387721300148,0.5000421802780335,0.4166666666666667,0.5555555555555556,0.4761904761904762,0.45454545454545453,0.5555555555555556,0.5,0.02380952380952378,0.02380952380952378,0.0,0.0,100.0,0.0,43.0,43.0,43.0,0.0
RF03036,1.0,0.0851063829787234,0.1111111111111111,0.09638554216867469,0.44680851063829785,0.5833333333333334,0.5060240963855422,0.09377280080980561,0.5086614972914317,0.0851063829787234,0.1111111111111111,0.09638554216867469,0.44680851063829785,0.5833333333333334,0.5060240963855422,0.40963855421686757,0.40963855421686757,0.0,0.0,100.0,0.0,81.0,81.0,81.0,1.0
RF01713,1.0,0.30303030303030304,0.9090909090909091,0.45454545454545453,0.35714285714285715,0.9090909090909091,0.5128205128205129,0.5234847472990029,0.5686200871650355,0.30303030303030304,0.9090909090909091,0.45454545454545453,0.35714285714285715,0.9090909090909091,0.5128205128205129,0.058275058275058356,0.058275058275058356,0.0,0.0,100.0,0.0,37.0,37.0,37.0,0.0
RF01696,1.0,0.38461538461538464,1.0,0.5555555555555556,0.38461538461538464,1.0,0.5555555555555556,0.6188128952823749,0.6188128952823749,0.38461538461538464,1.0,0.5555555555555556,0.38461538461538464,1.0,0.5555555555555556,0.0,0.0,0.0,0.0,100.0,1.0,1.0,1.0,1.0,0.0
RF00050,1.0,0.5172413793103449,0.6,0.5555555555555556,0.5769230769230769,0.6,0.5882352941176471,0.5549803616287361,0.5864898985960045,0.5172413793103449,0.6,0.5555555555555556,0.5769230769230769,0.6,0.5882352941176471,0.0326797385620915,0.0326797385620915,0.0,0.0,100.0,0.0,78.0,78.0,78.0,0.0
RF00051,1.0,0.15,0.18181818181818182,0.16438356164383564,0.5526315789473685,0.6363636363636364,0.5915492957746479,0.16281429824959054,0.59191751329832,0.15,0.18181818181818182,0.16438356164383564,0.5526315789473685,0.6363636363636364,0.5915492957746479,0.42716573413081227,0.42716573413081227,0.0,0.0,100.0,0.0,16.0,16.0,16.0,1.0
RF00950,1.0,0.4090909090909091,0.9,0.5625000000000001,0.45,0.9,0.6,0.6045827739205912,0.6344257933458506,0.4090909090909091,0.9,0.5625000000000001,0.45,0.9,0.6,0.03749999999999987,0.03749999999999987,0.0,0.0,100.0,0.0,26.0,26.0,26.0,0.0
RF01379,1.0,0.391304347826087,0.6,0.47368421052631576,0.6,0.6,0.6,0.4822456503734655,0.5985294117647059,0.391304347826087,0.6,0.47368421052631576,0.6,0.6,0.6,0.12631578947368421,0.12631578947368421,0.0,0.0,100.0,0.0,33.0,33.0,33.0,0.0
RF01762,1.0,0.375,1.0,0.5454545454545454,0.42857142857142855,1.0,0.6,0.6074457873879648,0.6504436355879909,0.375,1.0,0.5454545454545454,0.42857142857142855,1.0,0.6,0.054545454545454564,0.054545454545454564,0.0,0.0,100.0,0.0,46.0,46.0,46.0,0.0
RF00649,1.0,0.4222222222222222,0.5135135135135135,0.4634146341463415,0.65625,0.5675675675675675,0.6086956521739131,0.46422222222107895,0.6094310250440466,0.4222222222222222,0.5135135135135135,0.4634146341463415,0.65625,0.5675675675675675,0.6086956521739131,0.1452810180275716,0.1452810180275716,0.0,0.0,100.0,0.0,75.0,75.0,75.0,0.0
RF02056,1.0,0.5333333333333333,0.7272727272727273,0.6153846153846153,0.5333333333333333,0.7272727272727273,0.6153846153846153,0.6215756244758008,0.6215756244758008,0.5333333333333333,0.7272727272727273,0.6153846153846153,0.5333333333333333,0.7272727272727273,0.6153846153846153,0.0,0.0,0.0,0.0,100.0,1.0,1.0,1.0,1.0,0.0
RF00502,1.0,0.45454545454545453,0.7142857142857143,0.5555555555555556,0.5555555555555556,0.7142857142857143,0.6250000000000001,0.5635830615653752,0.6250051916645164,0.45454545454545453,0.7142857142857143,0.5555555555555556,0.5555555555555556,0.7142857142857143,0.6250000000000001,0.06944444444444453,0.06944444444444453,0.0,0.0,85.0,1.0,4.0,4.0,4.0,0.0
RF02032,1.0,0.3942307692307692,0.41,0.4019607843137255,0.6704545454545454,0.59,0.6276595744680851,0.4009527323762925,0.6283247431700612,0.3942307692307692,0.41,0.4019607843137255,0.6704545454545454,0.59,0.6276595744680851,0.22569879015435956,0.22569879015435956,0.0,0.0,100.0,0.0,68.0,68.0,68.0,0.0
RF02922,1.0,0.5625,0.6,0.5806451612903225,0.6551724137931034,0.6333333333333333,0.6440677966101694,0.5776826751754454,0.6415209088579674,0.5625,0.6,0.5806451612903225,0.6551724137931034,0.6333333333333333,0.6440677966101694,0.06342263531984693,0.06342263531984693,0.0,0.0,100.0,0.0,68.0,68.0,68.0,0.0
RF03030,1.0,0.5,0.3333333333333333,0.4,0.6875,0.6111111111111112,0.6470588235294118,0.4017098959321953,0.6436348171379853,0.5,0.3333333333333333,0.4,0.6875,0.6111111111111112,0.6470588235294118,0.24705882352941178,0.24705882352941178,0.0,0.0,100.0,0.0,73.0,73.0,73.0,0.0
RF01725,1.0,0.0,0.0,0.0,0.6551724137931034,0.6785714285714286,0.6666666666666666,-0.006571694464813698,0.664717925445076,0.0,0.0,0.0,0.6551724137931034,0.6785714285714286,0.6666666666666666,0.6666666666666666,0.6666666666666666,0.0,0.0,100.0,0.0,81.0,81.0,81.0,1.0
RF01753,1.0,0.12,0.3,0.17142857142857143,0.5263157894736842,1.0,0.6896551724137931,0.18368163318593722,0.7238974098269957,0.12,0.3,0.17142857142857143,0.5263157894736842,1.0,0.6896551724137931,0.5182266009852217,0.5182266009852217,0.0,0.0,100.0,0.0,45.0,45.0,45.0,1.0
RF01357,1.0,0.5,0.8571428571428571,0.631578947368421,0.6,0.8571428571428571,0.7058823529411764,0.6523270561892657,0.7153445884707819,0.5,0.8571428571428571,0.631578947368421,0.6,0.8571428571428571,0.7058823529411764,0.07430340557275539,0.07430340557275539,1.0,0.0,100.0,0.0,13.0,13.0,13.0,0.0
RF01786,1.0,0.5217391304347826,0.5,0.5106382978723404,0.6666666666666666,0.75,0.7058823529411765,0.5064618775510857,0.7043318512506618,0.5217391304347826,0.5,0.5106382978723404,0.6666666666666666,0.75,0.7058823529411765,0.19524405506883613,0.19524405506883613,1.0,0.0,100.0,0.0,31.0,31.0,31.0,0.0
RF00166,1.0,0.4857142857142857,1.0,0.6538461538461539,0.5483870967741935,1.0,0.7083333333333333,0.6960205664012915,0.7397784567844042,0.4857142857142857,1.0,0.6538461538461539,0.5483870967741935,1.0,0.7083333333333333,0.054487179487179405,0.054487179487179405,1.0,0.0,100.0,0.0,77.0,77.0,77.0,0.0
RF00295,1.0,0.0,0.0,0.0,0.625,0.8333333333333334,0.7142857142857143,-0.01718950751821021,0.717305709384782,0.0,0.0,0.0,0.625,0.8333333333333334,0.7142857142857143,0.7142857142857143,0.7142857142857143,1.0,0.0,100.0,0.0,50.0,50.0,50.0,1.0
RF02505,1.0,0.38461538461538464,1.0,0.5555555555555556,0.5555555555555556,1.0,0.7142857142857143,0.6147572052482851,0.7421082385212817,0.38461538461538464,1.0,0.5555555555555556,0.5555555555555556,1.0,0.7142857142857143,0.15873015873015872,0.15873015873015872,1.0,0.0,100.0,0.0,32.0,32.0,32.0,0.0
RF02680,1.0,0.6071428571428571,0.6296296296296297,0.6181818181818182,0.7307692307692307,0.7037037037037037,0.7169811320754716,0.6158683147649964,0.7153843368872245,0.6071428571428571,0.6296296296296297,0.6181818181818182,0.7307692307692307,0.7037037037037037,0.7169811320754716,0.09879931389365348,0.09879931389365348,1.0,0.0,100.0,0.0,27.0,27.0,27.0,0.0
RF02802,1.0,0.5428571428571428,0.8260869565217391,0.6551724137931034,0.6,0.9130434782608695,0.7241379310344828,0.6681338757991061,0.7389736742833497,0.5428571428571428,0.8260869565217391,0.6551724137931034,0.6,0.9130434782608695,0.7241379310344828,0.06896551724137934,0.06896551724137934,1.0,0.0,100.0,1.0,6.0,6.0,6.0,0.0
RF00488,1.0,0.6454545454545455,0.7717391304347826,0.7029702970297029,0.6923076923076923,0.782608695652174,0.7346938775510203,0.7052269436686556,0.7355920476322327,0.6454545454545455,0.7717391304347826,0.7029702970297029,0.6923076923076923,0.782608695652174,0.7346938775510203,0.03172358052131741,0.03172358052131741,1.0,0.0,100.0,0.0,51.0,51.0,51.0,0.0
RF02926,1.0,0.38461538461538464,0.3333333333333333,0.3571428571428571,0.8333333333333334,0.6666666666666666,0.7407407407407408,0.34966824107812894,0.7422147093407955,0.38461538461538464,0.3333333333333333,0.3571428571428571,0.8333333333333334,0.6666666666666666,0.7407407407407408,0.3835978835978837,0.3835978835978837,1.0,0.0,100.0,0.0,54.0,54.0,54.0,1.0
RF03542,1.0,0.4,0.35294117647058826,0.37500000000000006,0.7222222222222222,0.7647058823529411,0.7428571428571428,0.36782605983808475,0.7395919687840292,0.4,0.35294117647058826,0.37500000000000006,0.7222222222222222,0.7647058823529411,0.7428571428571428,0.3678571428571427,0.3678571428571427,1.0,0.0,100.0,1.0,7.0,7.0,7.0,1.0
RF03509,1.0,0.625,0.9090909090909091,0.7407407407407406,0.6666666666666666,0.9090909090909091,0.7692307692307692,0.7517548093229142,0.776715231656364,0.625,0.9090909090909091,0.7407407407407406,0.6666666666666666,0.9090909090909091,0.7692307692307692,0.028490028490028574,0.028490028490028574,1.0,0.0,100.0,0.0,55.0,55.0,55.0,0.0
RF00175,1.0,0.7272727272727273,0.6153846153846154,0.6666666666666667,0.7692307692307693,0.7692307692307693,0.7692307692307693,0.6654720674174955,0.766540186271128,0.7272727272727273,0.6153846153846154,0.6666666666666667,0.7692307692307693,0.7692307692307693,0.7692307692307693,0.10256410256410253,0.10256410256410253,1.0,0.0,100.0,1.0,7.0,7.0,7.0,0.0
RF01317,1.0,0.35714285714285715,1.0,0.5263157894736842,0.625,1.0,0.7692307692307693,0.5960886948200497,0.7898972572770615,0.35714285714285715,1.0,0.5263157894736842,0.625,1.0,0.7692307692307693,0.2429149797570851,0.2429149797570851,1.0,0.0,100.0,0.0,19.0,19.0,19.0,0.0
RF02914,1.0,0.8461538461538461,0.6875,0.7586206896551724,0.9166666666666666,0.6875,0.7857142857142857,0.7596933693607091,0.7913961237635522,0.8461538461538461,0.6875,0.7586206896551724,0.9166666666666666,0.6875,0.7857142857142857,0.027093596059113323,0.027093596059113323,1.0,0.0,83.0,0.0,26.0,26.0,26.0,0.0
RF01406,1.0,0.5,0.6363636363636364,0.56,0.6470588235294118,1.0,0.7857142857142858,0.5611278627778231,0.8030719082759121,0.5,0.6363636363636364,0.56,0.6470588235294118,1.0,0.7857142857142858,0.22571428571428576,0.22571428571428576,1.0,0.0,100.0,0.0,87.0,87.0,87.0,0.0
RF00210,1.0,0.6111111111111112,0.6666666666666666,0.6376811594202899,0.7941176470588235,0.8181818181818182,0.8059701492537314,0.6355915874319797,0.8046552331049178,0.6111111111111112,0.6666666666666666,0.6376811594202899,0.7941176470588235,0.8181818181818182,0.8059701492537314,0.16828898983344154,0.16828898983344154,1.0,0.0,100.0,0.0,56.0,56.0,56.0,0.0
RF01356,1.0,0.7,0.875,0.7777777777777777,0.696969696969697,0.9583333333333334,0.8070175438596493,0.7813391636688963,0.8161765571538834,0.7,0.875,0.7777777777777777,0.696969696969697,0.9583333333333334,0.8070175438596493,0.02923976608187162,0.02923976608187162,1.0,0.0,100.0,0.0,98.0,98.0,98.0,0.0
RF03977,1.0,0.5344827586206896,0.5740740740740741,0.5535714285714285,0.7796610169491526,0.8518518518518519,0.8141592920353983,0.5524543769943793,0.8143444253618002,0.5344827586206896,0.5740740740740741,0.5535714285714285,0.7796610169491526,0.8518518518518519,0.8141592920353983,0.2605878634639698,0.2605878634639698,1.0,0.0,100.0,1.0,4.0,4.0,4.0,0.0
RF01232,1.0,0.4166666666666667,0.35714285714285715,0.3846153846153846,0.8461538461538461,0.7857142857142857,0.8148148148148148,0.3809129441789848,0.8138596870829862,0.4166666666666667,0.35714285714285715,0.3846153846153846,0.8461538461538461,0.7857142857142857,0.8148148148148148,0.4301994301994302,0.4301994301994302,1.0,0.0,100.0,0.0,25.0,25.0,25.0,1.0
RF02681,1.0,0.6086956521739131,0.6086956521739131,0.6086956521739131,1.0,0.6956521739130435,0.8205128205128205,0.6038776650218788,0.8324992927707315,0.6086956521739131,0.6086956521739131,0.6086956521739131,1.0,0.6956521739130435,0.8205128205128205,0.2118171683389074,0.2118171683389074,1.0,0.0,100.0,0.0,75.0,75.0,75.0,0.0
RF00198,1.0,0.375,0.42857142857142855,0.39999999999999997,0.7,1.0,0.8235294117647058,0.39110712201151787,0.833915371702412,0.375,0.42857142857142855,0.39999999999999997,0.7,1.0,0.8235294117647058,0.4235294117647059,0.4235294117647059,1.0,0.0,70.0,0.0,57.0,57.0,57.0,1.0
RF01773,1.0,0.6363636363636364,0.9333333333333333,0.7567567567567568,0.7368421052631579,0.9333333333333333,0.8235294117647058,0.769625030477585,0.8285409544395886,0.6363636363636364,0.9333333333333333,0.7567567567567568,0.7368421052631579,0.9333333333333333,0.8235294117647058,0.06677265500794904,0.06677265500794904,1.0,0.0,100.0,0.0,27.0,27.0,27.0,0.0
RF00521,1.0,0.7692307692307693,0.9090909090909091,0.8333333333333333,0.7692307692307693,0.9090909090909091,0.8333333333333333,0.8347785100260136,0.8347785100260136,0.7692307692307693,0.9090909090909091,0.8333333333333333,0.7692307692307693,0.9090909090909091,0.8333333333333333,0.0,0.0,1.0,0.0,100.0,1.0,1.0,1.0,1.0,0.0
RF03085,1.0,0.7142857142857143,0.8333333333333334,0.7692307692307692,0.8333333333333334,0.8333333333333334,0.8333333333333334,0.7689961710999053,0.8316151202749141,0.7142857142857143,0.8333333333333334,0.7692307692307692,0.8333333333333334,0.8333333333333334,0.8333333333333334,0.06410256410256421,0.06410256410256421,1.0,0.0,100.0,1.0,7.0,7.0,7.0,0.0
RF03570,1.0,0.0,0.0,0.0,0.8888888888888888,0.8,0.8421052631578948,-0.02229574507725912,0.8398063979100936,0.0,0.0,0.0,0.8888888888888888,0.8,0.8421052631578948,0.8421052631578948,0.8421052631578948,1.0,0.0,98.0,1.0,6.0,6.0,6.0,1.0
RF01519,1.0,0.6428571428571429,0.8181818181818182,0.7200000000000001,0.8260869565217391,0.8636363636363636,0.8444444444444444,0.7232117406791118,0.8435950550921391,0.6428571428571429,0.8181818181818182,0.7200000000000001,0.8260869565217391,0.8636363636363636,0.8444444444444444,0.12444444444444436,0.12444444444444436,1.0,0.0,100.0,0.0,61.0,61.0,61.0,0.0
RF03498,1.0,0.6153846153846154,0.64,0.6274509803921569,0.9090909090909091,0.8,0.8510638297872342,0.6247612703937776,0.8517935658489669,0.6153846153846154,0.64,0.6274509803921569,0.9090909090909091,0.8,0.8510638297872342,0.2236128493950773,0.2236128493950773,1.0,0.0,100.0,0.0,76.0,76.0,76.0,0.0
RF00176,1.0,0.6944444444444444,0.9615384615384616,0.8064516129032258,0.7428571428571429,1.0,0.8524590163934427,0.816181587130165,0.8611775625609234,0.6944444444444444,0.9615384615384616,0.8064516129032258,0.7428571428571429,1.0,0.8524590163934427,0.046007403490216925,0.046007403490216925,1.0,0.0,100.0,0.0,21.0,21.0,21.0,0.0
RF00228,1.0,0.6285714285714286,0.7857142857142857,0.6984126984126985,0.8571428571428571,0.8571428571428571,0.8571428571428571,0.7005083281034906,0.8561593312023604,0.6285714285714286,0.7857142857142857,0.6984126984126985,0.8571428571428571,0.8571428571428571,0.8571428571428571,0.1587301587301586,0.1587301587301586,1.0,0.0,100.0,0.0,99.0,99.0,99.0,0.0
RF01763,1.0,0.38461538461538464,0.4166666666666667,0.4,1.0,0.75,0.8571428571428571,0.3910498821519196,0.8644221464938019,0.38461538461538464,0.4166666666666667,0.4,1.0,0.75,0.8571428571428571,0.4571428571428571,0.4571428571428571,1.0,0.0,100.0,1.0,9.0,9.0,9.0,1.0
RF02519,1.0,0.5,1.0,0.6666666666666666,0.75,1.0,0.8571428571428571,0.7030312038332427,0.864364759104401,0.5,1.0,0.6666666666666666,0.75,1.0,0.8571428571428571,0.19047619047619047,0.19047619047619047,1.0,0.0,100.0,0.0,70.0,70.0,70.0,0.0
RF03404,1.0,0.7894736842105263,0.9090909090909091,0.8450704225352113,0.8157894736842105,0.9393939393939394,0.8732394366197183,0.8460187540159174,0.8744748483818466,0.7894736842105263,0.9090909090909091,0.8450704225352113,0.8157894736842105,0.9393939393939394,0.8732394366197183,0.028169014084507005,0.028169014084507005,1.0,0.0,100.0,0.0,81.0,81.0,81.0,0.0
RF00029,1.0,0.7083333333333334,0.85,0.7727272727272727,0.8571428571428571,0.9,0.8780487804878048,0.7739187398175069,0.8772708092787036,0.7083333333333334,0.85,0.7727272727272727,0.8571428571428571,0.9,0.8780487804878048,0.10532150776053206,0.10532150776053206,1.0,0.0,100.0,1.0,8.0,8.0,8.0,0.0
RF02001,1.0,0.9369369369369369,0.832,0.8813559322033897,0.9369369369369369,0.832,0.8813559322033897,0.8827283441808627,0.8827283441808627,0.9369369369369369,0.832,0.8813559322033897,0.9369369369369369,0.832,0.8813559322033897,0.0,0.0,1.0,0.0,100.0,1.0,1.0,1.0,1.0,0.0
RF01363,1.0,0.6571428571428571,0.7419354838709677,0.6969696969696969,0.9285714285714286,0.8387096774193549,0.8813559322033899,0.6963573295910959,0.8818412434184473,0.6571428571428571,0.7419354838709677,0.6969696969696969,0.9285714285714286,0.8387096774193549,0.8813559322033899,0.18438623523369302,0.18438623523369302,1.0,0.0,100.0,0.0,80.0,80.0,80.0,0.0
RF00163,1.0,0.7666666666666667,0.9583333333333334,0.8518518518518519,0.8214285714285714,0.9583333333333334,0.8846153846153847,0.8565058071678219,0.8867386293667966,0.7666666666666667,0.9583333333333334,0.8518518518518519,0.8214285714285714,0.9583333333333334,0.8846153846153847,0.03276353276353283,0.03276353276353283,1.0,0.0,100.0,1.0,5.0,5.0,5.0,0.0
RF03059,1.0,0.5833333333333334,0.7777777777777778,0.6666666666666666,0.8888888888888888,0.8888888888888888,0.8888888888888888,0.6687829998654102,0.8874479666986872,0.5833333333333334,0.7777777777777778,0.6666666666666666,0.8888888888888888,0.8888888888888888,0.8888888888888888,0.2222222222222222,0.2222222222222222,1.0,0.0,100.0,1.0,9.0,9.0,9.0,0.0
RF00785,1.0,1.0,0.6,0.7499999999999999,1.0,0.8,0.888888888888889,0.7735991199940693,0.8938506990347709,1.0,0.6,0.7499999999999999,1.0,0.8,0.888888888888889,0.13888888888888906,0.13888888888888906,1.0,0.0,36.0,1.0,4.0,4.0,4.0,0.0
RF01365,1.0,0.25,0.6,0.35294117647058826,1.0,0.8,0.888888888888889,0.38089002411601697,0.8937871714610718,0.25,0.6,0.35294117647058826,1.0,0.8,0.888888888888889,0.5359477124183007,0.5359477124183007,1.0,0.0,100.0,0.0,65.0,65.0,65.0,1.0
RF02869,1.0,0.42105263157894735,1.0,0.5925925925925926,0.8,1.0,0.888888888888889,0.6466343790358918,0.8938637722410149,0.42105263157894735,1.0,0.5925925925925926,0.8,1.0,0.888888888888889,0.2962962962962964,0.2962962962962964,1.0,0.0,100.0,0.0,85.0,85.0,85.0,0.0
RF03918,1.0,0.8888888888888888,0.5714285714285714,0.6956521739130435,0.9230769230769231,0.8571428571428571,0.888888888888889,0.7064543249400449,0.8864271199126396,0.8888888888888888,0.5714285714285714,0.6956521739130435,0.9230769230769231,0.8571428571428571,0.888888888888889,0.1932367149758455,0.1932367149758455,1.0,0.0,71.0,0.0,54.0,54.0,54.0,0.0
RF03167,1.0,0.7777777777777778,0.56,0.6511627906976745,0.9545454545454546,0.84,0.8936170212765958,0.65788951831139,0.8947302197459308,0.7777777777777778,0.56,0.6511627906976745,0.9545454545454546,0.84,0.8936170212765958,0.24245423057892135,0.24245423057892135,1.0,0.0,100.0,0.0,87.0,87.0,87.0,0.0
RF03054,1.0,0.7142857142857143,0.7692307692307693,0.7407407407407408,0.8125,1.0,0.896551724137931,0.7376817003180394,0.900002843166213,0.7142857142857143,0.7692307692307693,0.7407407407407408,0.8125,1.0,0.896551724137931,0.15581098339719024,0.15581098339719024,1.0,0.0,100.0,0.0,14.0,14.0,14.0,0.0
RF00898,1.0,0.8,0.8,0.8000000000000002,0.9,0.9,0.9,0.7978632478632479,0.898931623931624,0.8,0.8,0.8000000000000002,0.9,0.9,0.9,0.09999999999999987,0.09999999999999987,1.0,1.0,100.0,0.0,16.0,16.0,16.0,0.0
RF01836,1.0,0.23529411764705882,0.26666666666666666,0.25,0.875,0.9333333333333333,0.9032258064516129,0.23973362275977073,0.9023616941356603,0.23529411764705882,0.26666666666666666,0.25,0.875,0.9333333333333333,0.9032258064516129,0.6532258064516129,0.6532258064516129,1.0,1.0,100.0,1.0,3.0,3.0,3.0,1.0
RF00623,1.0,0.6923076923076923,0.8181818181818182,0.7500000000000001,0.9090909090909091,0.9090909090909091,0.9090909090909091,0.7475985879611271,0.9073785803237858,0.6923076923076923,0.8181818181818182,0.7500000000000001,0.9090909090909091,0.9090909090909091,0.9090909090909091,0.15909090909090895,0.15909090909090895,1.0,1.0,100.0,0.0,59.0,59.0,59.0,0.0
RF03081,1.0,0.7777777777777778,0.875,0.823529411764706,0.8823529411764706,0.9375,0.9090909090909091,0.8235298558051889,0.9087887123006249,0.7777777777777778,0.875,0.823529411764706,0.8823529411764706,0.9375,0.9090909090909091,0.0855614973262031,0.0855614973262031,1.0,1.0,100.0,0.0,62.0,62.0,62.0,0.0
RF03736,1.0,0.7142857142857143,1.0,0.8333333333333333,0.8333333333333334,1.0,0.9090909090909091,0.8418847869419426,0.9111069257314589,0.7142857142857143,1.0,0.8333333333333333,0.8333333333333334,1.0,0.9090909090909091,0.0757575757575758,0.0757575757575758,1.0,1.0,100.0,1.0,6.0,6.0,6.0,0.0
RF02683,1.0,0.6451612903225806,0.6896551724137931,0.6666666666666667,0.9285714285714286,0.896551724137931,0.912280701754386,0.6645841782953271,0.911808418664855,0.6451612903225806,0.6896551724137931,0.6666666666666667,0.9285714285714286,0.896551724137931,0.912280701754386,0.24561403508771928,0.24561403508771928,1.0,1.0,100.0,0.0,100.0,100.0,100.0,0.0
RF01541,1.0,0.9696969696969697,0.8648648648648649,0.9142857142857143,0.9696969696969697,0.8648648648648649,0.9142857142857143,0.915115574848243,0.915115574848243,0.9696969696969697,0.8648648648648649,0.9142857142857143,0.9696969696969697,0.8648648648648649,0.9142857142857143,0.0,0.0,1.0,1.0,100.0,1.0,1.0,1.0,1.0,0.0
RF01622,1.0,1.0,0.8461538461538461,0.9166666666666666,1.0,0.8461538461538461,0.9166666666666666,0.9186052560476433,0.9186052560476433,1.0,0.8461538461538461,0.9166666666666666,1.0,0.8461538461538461,0.9166666666666666,0.0,0.0,1.0,1.0,100.0,1.0,1.0,1.0,1.0,0.0
RF01544,1.0,0.2,0.2222222222222222,0.2105263157894737,0.8947368421052632,0.9444444444444444,0.918918918918919,0.20132703926011455,0.9183121163005534,0.2,0.2222222222222222,0.2105263157894737,0.8947368421052632,0.9444444444444444,0.918918918918919,0.7083926031294453,0.7083926031294453,1.0,1.0,100.0,0.0,81.0,81.0,81.0,1.0
RF02521,1.0,0.90625,0.8787878787878788,0.8923076923076922,0.9666666666666667,0.8787878787878788,0.9206349206349207,0.891471502667902,0.9210251449974357,0.90625,0.8787878787878788,0.8923076923076922,0.9666666666666667,0.8787878787878788,0.9206349206349207,0.02832722832722845,0.02832722832722845,1.0,1.0,100.0,1.0,7.0,7.0,7.0,0.0
RF00897,1.0,1.0,0.85,0.9189189189189189,0.9473684210526315,0.9,0.9230769230769231,0.9211377134451997,0.9225010605132318,1.0,0.85,0.9189189189189189,0.9473684210526315,0.9,0.9230769230769231,0.004158004158004269,0.004158004158004269,1.0,1.0,100.0,0.0,19.0,19.0,19.0,0.0
RF02678,1.0,0.782608695652174,0.9473684210526315,0.8571428571428571,0.9,0.9473684210526315,0.9230769230769231,0.8601801584918357,0.9229185908438796,0.782608695652174,0.9473684210526315,0.8571428571428571,0.9,0.9473684210526315,0.9230769230769231,0.06593406593406603,0.06593406593406603,1.0,1.0,100.0,1.0,3.0,3.0,3.0,0.0
RF00044,1.0,0.6363636363636364,0.7368421052631579,0.6829268292682926,0.8636363636363636,1.0,0.9268292682926829,0.68174658734153,0.9286644635146324,0.6363636363636364,0.7368421052631579,0.6829268292682926,0.8636363636363636,1.0,0.9268292682926829,0.24390243902439024,0.24390243902439024,1.0,1.0,100.0,0.0,56.0,56.0,56.0,0.0
RF01344,1.0,0.7333333333333333,0.8148148148148148,0.7719298245614035,0.896551724137931,0.9629629629629629,0.9285714285714286,0.7717459993601113,0.9287805448978586,0.7333333333333333,0.8148148148148148,0.7719298245614035,0.896551724137931,0.9629629629629629,0.9285714285714286,0.15664160401002514,0.15664160401002514,1.0,1.0,100.0,0.0,26.0,26.0,26.0,0.0
RF02447,1.0,0.8,0.7619047619047619,0.7804878048780488,0.9090909090909091,0.9523809523809523,0.9302325581395349,0.7794553413885247,0.9300646691911894,0.8,0.7619047619047619,0.7804878048780488,0.9090909090909091,0.9523809523809523,0.9302325581395349,0.14974475326148606,0.14974475326148606,1.0,1.0,100.0,0.0,22.0,22.0,22.0,0.0
RF01472,1.0,0.6071428571428571,0.7727272727272727,0.68,0.9130434782608695,0.9545454545454546,0.9333333333333332,0.6821515219458767,0.9330228307857206,0.6071428571428571,0.7727272727272727,0.68,0.9130434782608695,0.9545454545454546,0.9333333333333332,0.2533333333333332,0.2533333333333332,1.0,1.0,100.0,0.0,44.0,44.0,44.0,0.0
RF01050,1.0,0.7777777777777778,0.875,0.823529411764706,1.0,0.875,0.9333333333333333,0.8215044568515858,0.9343209338747771,0.7777777777777778,0.875,0.823529411764706,1.0,0.875,0.9333333333333333,0.1098039215686274,0.1098039215686274,1.0,1.0,77.0,0.0,45.0,45.0,45.0,0.0
RF02538,1.0,0.875,1.0,0.9333333333333333,0.875,1.0,0.9333333333333333,0.9345162050109259,0.9345162050109259,0.875,1.0,0.9333333333333333,0.875,1.0,0.9333333333333333,0.0,0.0,1.0,1.0,100.0,1.0,1.0,1.0,1.0,0.0
RF02837,1.0,0.7777777777777778,1.0,0.8750000000000001,0.875,1.0,0.9333333333333333,0.8807147621561396,0.9347769262810015,0.7777777777777778,1.0,0.8750000000000001,0.875,1.0,0.9333333333333333,0.05833333333333324,0.05833333333333324,1.0,1.0,100.0,0.0,12.0,12.0,12.0,0.0
RF02984,1.0,0.8,0.8571428571428571,0.8275862068965518,0.875,1.0,0.9333333333333333,0.825411870083804,0.9344101442067967,0.8,0.8571428571428571,0.8275862068965518,0.875,1.0,0.9333333333333333,0.10574712643678152,0.10574712643678152,1.0,1.0,100.0,0.0,25.0,25.0,25.0,0.0
RF01083,1.0,0.8888888888888888,0.8888888888888888,0.8888888888888888,1.0,0.8888888888888888,0.9411764705882353,0.8880665204678363,0.9424216123314401,0.8888888888888888,0.8888888888888888,0.8888888888888888,1.0,0.8888888888888888,0.9411764705882353,0.05228758169934644,0.05228758169934644,1.0,1.0,100.0,1.0,3.0,3.0,3.0,0.0
RF02888,1.0,0.7272727272727273,0.8888888888888888,0.7999999999999999,1.0,0.8888888888888888,0.9411764705882353,0.8020821270815421,0.942328873971809,0.7272727272727273,0.8888888888888888,0.7999999999999999,1.0,0.8888888888888888,0.9411764705882353,0.14117647058823535,0.14117647058823535,1.0,1.0,100.0,1.0,3.0,3.0,3.0,0.0
RF01333,1.0,0.631578947368421,0.6666666666666666,0.6486486486486486,0.9444444444444444,0.9444444444444444,0.9444444444444444,0.6430372984045437,0.9435435435435435,0.631578947368421,0.6666666666666666,0.6486486486486486,0.9444444444444444,0.9444444444444444,0.9444444444444444,0.29579579579579585,0.29579579579579585,1.0,1.0,100.0,1.0,9.0,9.0,9.0,0.0
RF01082,1.0,0.38461538461538464,0.5555555555555556,0.4545454545454546,0.9,1.0,0.9473684210526316,0.45689404387676624,0.9482407119298316,0.38461538461538464,0.5555555555555556,0.4545454545454546,0.9,1.0,0.9473684210526316,0.49282296650717705,0.49282296650717705,1.0,1.0,100.0,0.0,23.0,23.0,23.0,1.0
RF03906,1.0,0.9210526315789473,0.9210526315789473,0.9210526315789473,0.925,0.9736842105263158,0.9487179487179489,0.9204885097286277,0.9486585408249365,0.9210526315789473,0.9210526315789473,0.9210526315789473,0.925,0.9736842105263158,0.9487179487179489,0.027665317139001555,0.027665317139001555,1.0,1.0,100.0,0.0,81.0,81.0,81.0,0.0
RF00419,1.0,0.8571428571428571,0.8571428571428571,0.8571428571428571,1.0,0.9047619047619048,0.9500000000000001,0.8558136590923476,0.9507685712477195,0.8571428571428571,0.8571428571428571,0.8571428571428571,1.0,0.9047619047619048,0.9500000000000001,0.09285714285714297,0.09285714285714297,1.0,1.0,100.0,0.0,81.0,81.0,81.0,0.0
RF01071,1.0,0.7391304347826086,0.8947368421052632,0.8095238095238095,0.9047619047619048,1.0,0.9500000000000001,0.8109564032722831,0.9506273961156588,0.7391304347826086,0.8947368421052632,0.8095238095238095,0.9047619047619048,1.0,0.9500000000000001,0.14047619047619053,0.14047619047619053,1.0,1.0,100.0,0.0,30.0,30.0,30.0,0.0
RF01107,1.0,0.9090909090909091,1.0,0.9523809523809523,0.9090909090909091,1.0,0.9523809523809523,0.9529531248281093,0.9529531248281093,0.9090909090909091,1.0,0.9523809523809523,0.9090909090909091,1.0,0.9523809523809523,0.0,0.0,1.0,1.0,100.0,1.0,1.0,1.0,1.0,0.0
RF04067,1.0,0.9090909090909091,0.9523809523809523,0.9302325581395349,0.9523809523809523,0.9523809523809523,0.9523809523809523,0.9297831414062991,0.9519101425881087,0.9090909090909091,0.9523809523809523,0.9302325581395349,0.9523809523809523,0.9523809523809523,0.9523809523809523,0.022148394241417457,0.022148394241417457,1.0,1.0,100.0,1.0,4.0,4.0,4.0,0.0
RF00102,1.0,0.9130434782608695,0.9767441860465116,0.9438202247191011,0.9148936170212766,1.0,0.9555555555555556,0.9439373519187142,0.9561732579904757,0.9130434782608695,0.9767441860465116,0.9438202247191011,0.9148936170212766,1.0,0.9555555555555556,0.011735330836454505,0.011735330836454505,1.0,1.0,100.0,1.0,7.0,7.0,7.0,0.0
RF00606,1.0,0.625,0.45454545454545453,0.5263157894736842,0.9166666666666666,1.0,0.9565217391304348,0.5281706219023885,0.9568902828709857,0.625,0.45454545454545453,0.5263157894736842,0.9166666666666666,1.0,0.9565217391304348,0.43020594965675063,0.43020594965675063,1.0,1.0,100.0,1.0,10.0,10.0,10.0,1.0
RF00504,1.0,0.92,0.92,0.92,0.96,0.96,0.96,0.9194490358126721,0.9597245179063361,0.92,0.92,0.92,0.96,0.96,0.96,0.039999999999999925,0.039999999999999925,1.0,1.0,100.0,0.0,82.0,82.0,82.0,0.0
RF02066,1.0,0.9230769230769231,1.0,0.9600000000000001,0.9230769230769231,1.0,0.9600000000000001,0.9601097330974608,0.9601097330974608,0.9230769230769231,1.0,0.9600000000000001,0.9230769230769231,1.0,0.9600000000000001,0.0,0.0,1.0,1.0,100.0,1.0,1.0,1.0,1.0,0.0
RF03863,1.0,0.8518518518518519,0.8846153846153846,0.8679245283018868,1.0,0.9230769230769231,0.9600000000000001,0.8668425979752797,0.9604288878091383,0.8518518518518519,0.8846153846153846,0.8679245283018868,1.0,0.9230769230769231,0.9600000000000001,0.09207547169811325,0.09207547169811325,1.0,1.0,100.0,0.0,87.0,87.0,87.0,0.0
RF00164,1.0,0.7857142857142857,0.7333333333333333,0.7586206896551724,1.0,0.9333333333333333,0.9655172413793104,0.755657378858192,0.9656185566080521,0.7857142857142857,0.7333333333333333,0.7586206896551724,1.0,0.9333333333333333,0.9655172413793104,0.206896551724138,0.206896551724138,1.0,1.0,100.0,0.0,16.0,16.0,16.0,0.0
RF02871,1.0,0.7428571428571429,0.896551724137931,0.8125,0.9354838709677419,1.0,0.9666666666666666,0.8148777297043691,0.9669993873511643,0.7428571428571429,0.896551724137931,0.8125,0.9354838709677419,1.0,0.9666666666666666,0.15416666666666656,0.15416666666666656,1.0,1.0,100.0,0.0,26.0,26.0,26.0,0.0
RF00013,1.0,0.8571428571428571,1.0,0.923076923076923,0.9375,1.0,0.967741935483871,0.92544586470339,0.9680893017781287,0.8571428571428571,1.0,0.923076923076923,0.9375,1.0,0.967741935483871,0.04466501240694798,0.04466501240694798,1.0,1.0,100.0,0.0,28.0,28.0,28.0,0.0
RF01241,1.0,0.8823529411764706,1.0,0.9375,0.9375,1.0,0.967741935483871,0.9389212602818618,0.9680318832100419,0.8823529411764706,1.0,0.9375,0.9375,1.0,0.967741935483871,0.030241935483870996,0.030241935483870996,1.0,1.0,100.0,1.0,2.0,2.0,2.0,0.0
RF02885,1.0,0.9333333333333333,0.9333333333333333,0.9333333333333333,0.9375,1.0,0.967741935483871,0.9326530612244898,0.9679164452048323,0.9333333333333333,0.9333333333333333,0.9333333333333333,0.9375,1.0,0.967741935483871,0.03440860215053765,0.03440860215053765,1.0,1.0,100.0,1.0,8.0,8.0,8.0,0.0
RF00380,1.0,0.9019607843137255,0.92,0.9108910891089109,1.0,0.94,0.9690721649484536,0.9105853548023366,0.9694226395296184,0.9019607843137255,0.92,0.9108910891089109,1.0,0.94,0.9690721649484536,0.058181075839542684,0.058181075839542684,1.0,1.0,100.0,1.0,8.0,8.0,8.0,0.0
RF00220,1.0,0.9411764705882353,1.0,0.9696969696969697,0.9411764705882353,1.0,0.9696969696969697,0.9698999341957608,0.9698999341957608,0.9411764705882353,1.0,0.9696969696969697,0.9411764705882353,1.0,0.9696969696969697,0.0,0.0,1.0,1.0,100.0,1.0,1.0,1.0,1.0,0.0
RF03900,1.0,1.0,0.8888888888888888,0.9411764705882353,1.0,0.9444444444444444,0.9714285714285714,0.9412722695065544,0.9710323125618178,1.0,0.8888888888888888,0.9411764705882353,1.0,0.9444444444444444,0.9714285714285714,0.030252100840336138,0.030252100840336138,1.0,1.0,100.0,1.0,5.0,5.0,5.0,0.0
RF03120,1.0,0.9375,0.8571428571428571,0.8955223880597014,0.9459459459459459,1.0,0.9722222222222222,0.8957082088258466,0.9723955528748502,0.9375,0.8571428571428571,0.8955223880597014,0.9459459459459459,1.0,0.9722222222222222,0.0766998341625208,0.0766998341625208,1.0,1.0,100.0,0.0,26.0,26.0,26.0,0.0
RF03790,1.0,1.0,0.9473684210526315,0.972972972972973,1.0,0.9473684210526315,0.972972972972973,0.9726551759417656,0.9726551759417656,1.0,0.9473684210526315,0.972972972972973,1.0,0.9473684210526315,0.972972972972973,0.0,0.0,1.0,1.0,96.0,1.0,1.0,1.0,1.0,0.0
RF00032,1.0,1.0,1.0,1.0,1.0,1.0,1.0,1.0,1.0,1.0,1.0,1.0,1.0,1.0,1.0,0.0,0.0,1.0,1.0,100.0,1.0,1.0,1.0,1.0,0.0
RF00234,1.0,0.8571428571428571,1.0,0.923076923076923,1.0,1.0,1.0,0.9249146520255962,1.0,0.8571428571428571,1.0,0.923076923076923,1.0,1.0,1.0,0.07692307692307698,0.07692307692307698,1.0,1.0,100.0,1.0,5.0,5.0,5.0,0.0
RF00250,1.0,1.0,0.9090909090909091,0.9523809523809523,1.0,1.0,1.0,0.9527866142657274,1.0,1.0,0.9090909090909091,0.9523809523809523,1.0,1.0,1.0,0.04761904761904767,0.04761904761904767,1.0,1.0,100.0,0.0,13.0,13.0,13.0,0.0
RF00381,1.0,0.0,0.0,0.0,1.0,1.0,1.0,-0.01073822136935112,1.0,0.0,0.0,0.0,1.0,1.0,1.0,1.0,1.0,1.0,1.0,100.0,0.0,27.0,27.0,27.0,1.0
RF00455,1.0,0.9444444444444444,1.0,0.9714285714285714,1.0,1.0,1.0,0.9714942562456333,1.0,0.9444444444444444,1.0,0.9714285714285714,1.0,1.0,1.0,0.02857142857142858,0.02857142857142858,1.0,1.0,100.0,1.0,2.0,2.0,2.0,0.0
RF00464,1.0,1.0,1.0,1.0,1.0,1.0,1.0,1.0,1.0,1.0,1.0,1.0,1.0,1.0,1.0,0.0,0.0,1.0,1.0,96.0,1.0,1.0,1.0,1.0,0.0
RF00480,1.0,0.8461538461538461,0.9166666666666666,0.8799999999999999,1.0,1.0,1.0,0.8790416656572321,1.0,0.8461538461538461,0.9166666666666666,0.8799999999999999,1.0,1.0,1.0,0.1200000000000001,0.1200000000000001,1.0,1.0,100.0,1.0,2.0,2.0,2.0,0.0
RF02695,1.0,0.8666666666666667,0.7647058823529411,0.8125,1.0,1.0,1.0,0.8120881898745729,1.0,0.8666666666666667,0.7647058823529411,0.8125,1.0,1.0,1.0,0.1875,0.1875,1.0,1.0,100.0,1.0,4.0,4.0,4.0,0.0
RF03031,1.0,1.0,0.9333333333333333,0.9655172413793104,1.0,1.0,1.0,0.9650201335169782,1.0,1.0,0.9333333333333333,0.9655172413793104,1.0,1.0,1.0,0.03448275862068961,0.03448275862068961,1.0,1.0,92.0,0.0,87.0,87.0,87.0,0.0
RF03055,1.0,1.0,0.9333333333333333,0.9655172413793104,1.0,1.0,1.0,0.9656185566080521,1.0,1.0,0.9333333333333333,0.9655172413793104,1.0,1.0,1.0,0.03448275862068961,0.03448275862068961,1.0,1.0,75.0,1.0,5.0,5.0,5.0,0.0
RF03339,1.0,0.8947368421052632,1.0,0.9444444444444444,1.0,1.0,1.0,0.9450535195007399,1.0,0.8947368421052632,1.0,0.9444444444444444,1.0,1.0,1.0,0.05555555555555558,0.05555555555555558,1.0,1.0,100.0,0.0,20.0,20.0,20.0,0.0
RF03394,1.0,0.8846153846153846,0.92,0.9019607843137256,1.0,1.0,1.0,0.9005483551986071,1.0,0.8846153846153846,0.92,0.9019607843137256,1.0,1.0,1.0,0.09803921568627438,0.09803921568627438,1.0,1.0,100.0,0.0,84.0,84.0,84.0,0.0
RF03493,1.0,1.0,1.0,1.0,1.0,1.0,1.0,1.0,1.0,1.0,1.0,1.0,1.0,1.0,1.0,0.0,0.0,1.0,1.0,9.0,1.0,1.0,1.0,1.0,0.0
RF04151,1.0,1.0,1.0,1.0,1.0,1.0,1.0,1.0,1.0,1.0,1.0,1.0,1.0,1.0,1.0,0.0,0.0,1.0,1.0,100.0,1.0,1.0,1.0,1.0,0.0
RF04217,1.0,1.0,0.9230769230769231,0.9600000000000001,1.0,1.0,1.0,0.9596325901764439,1.0,1.0,0.9230769230769231,0.9600000000000001,1.0,1.0,1.0,0.039999999999999925,0.039999999999999925,1.0,1.0,100.0,1.0,2.0,2.0,2.0,0.0
