frac,top1_f1,top100_f1,delta_f1
0.0012437810945273632,0.0,0.0,0.0
0.0024875621890547263,0.0,0.0,0.0
0.0037313432835820895,0.0,0.0,0.0
0.004975124378109453,0.0,0.0,0.0
0.006218905472636816,0.0,0.0,0.0
0.007462686567164179,0.0,0.0,0.0
0.008706467661691543,0.0,0.0,0.0
0.009950248756218905,0.0,0.0,0.0
0.011194029850746268,0.0,0.0,0.0
0.012437810945273632,0.0,0.0,0.0
0.013681592039800995,0.0,0.05128205128205128,0.0
0.014925373134328358,0.0,0.06666666666666667,0.0
0.01616915422885572,0.0,0.08,0.0
0.017412935323383085,0.0,0.125,0.0
0.018656716417910446,0.0,0.15384615384615383,0.0
0.01990049751243781,0.0,0.16129032258064516,0.0
0.021144278606965175,0.0,0.16666666666666666,0.0
0.022388059701492536,0.0,0.16666666666666666,0.0
0.0236318407960199,0.0,0.1764705882352941,0.0
0.024875621890547265,0.0,0.17647058823529413,0.0
0.026119402985074626,0.0,0.1875,0.0
0.02736318407960199,0.0,0.19672131147540983,0.0
0.028606965174129355,0.0,0.19999999999999998,0.0
0.029850746268656716,0.0,0.22727272727272724,0.0
0.03109452736318408,0.0,0.24489795918367344,0.0
0.03233830845771144,0.0,0.24615384615384614,0.0
0.033582089552238806,0.0,0.25,0.0
0.03482587064676617,0.0,0.2564102564102564,0.0
0.036069651741293535,0.0,0.2608695652173913,0.0
0.03731343283582089,0.0,0.2711864406779661,0.0
0.03855721393034826,0.0,0.28571428571428564,0.0
0.03980099502487562,0.0,0.2857142857142857,0.0
0.041044776119402986,0.0,0.29126213592233013,0.0
0.04228855721393035,0.0,0.29729729729729726,0.0
0.043532338308457715,0.0,0.29940119760479045,0.0
0.04477611940298507,0.0,0.3,0.0
0.046019900497512436,0.0,0.30769230769230765,0.0
0.0472636815920398,0.05,0.30769230769230765,0.0
0.048507462686567165,0.052631578947368425,0.3076923076923077,0.0
0.04975124378109453,0.06060606060606061,0.3076923076923077,0.0
0.05099502487562189,0.0625,0.3095238095238095,0.0
0.05223880597014925,0.06896551724137931,0.3225806451612903,0.0
0.053482587064676616,0.08823529411764706,0.32432432432432434,0.0
0.05472636815920398,0.09523809523809523,0.3307086614173228,0.0
0.055970149253731345,0.09638554216867469,0.33333333333333326,0.0
0.05721393034825871,0.0975609756097561,0.3333333333333333,0.0
0.05845771144278607,0.12403100775193798,0.33333333333333337,0.0
0.05970149253731343,0.125,0.3448275862068965,0.0
0.060945273631840796,0.13157894736842107,0.34782608695652173,0.0
0.06218905472636816,0.13333333333333333,0.34782608695652173,0.0
0.06343283582089553,0.1509433962264151,0.35000000000000003,0.0
0.06467661691542288,0.15094339622641512,0.3508771929824561,0.0
0.06592039800995025,0.15555555555555556,0.35714285714285715,0.0
0.06716417910447761,0.16216216216216214,0.36000000000000004,0.0
0.06840796019900497,0.16438356164383564,0.36231884057971014,0.0
0.06965174129353234,0.16494845360824742,0.3636363636363636,0.0
0.0708955223880597,0.1702127659574468,0.36363636363636365,0.0
0.07213930348258707,0.17142857142857143,0.3636363636363637,0.0
0.07338308457711443,0.17142857142857143,0.39080459770114945,0.0
0.07462686567164178,0.17391304347826086,0.3913043478260869,0.0
0.07587064676616916,0.1818181818181818,0.3928571428571429,0.0
0.07711442786069651,0.1818181818181818,0.39506172839506176,0.0
0.07835820895522388,0.18181818181818185,0.39999999999999997,0.0
0.07960199004975124,0.18461538461538463,0.4,0.0
0.08084577114427861,0.18750000000000003,0.4,0.0
0.08208955223880597,0.1935483870967742,0.4,0.0
0.08333333333333333,0.19444444444444445,0.40935672514619886,0.0
0.0845771144278607,0.19607843137254902,0.4117647058823529,0.0
0.08582089552238806,0.19672131147540983,0.41379310344827586,0.0
0.08706467661691543,0.20512820512820512,0.4166666666666667,0.0
0.08830845771144279,0.2105263157894737,0.4166666666666667,0.0
0.08955223880597014,0.2105263157894737,0.4210526315789473,0.0
0.09079601990049752,0.2162162162162162,0.4210526315789473,0.0
0.09203980099502487,0.2222222222222222,0.4210526315789473,0.0
0.09328358208955224,0.22222222222222224,0.4347826086956522,0.0
0.0945273631840796,0.22727272727272727,0.4347826086956522,0.0
0.09577114427860696,0.2325581395348837,0.43749999999999994,0.0008128332018457751
0.09701492537313433,0.23529411764705882,0.43902439024390244,0.002962962962962945
0.09825870646766169,0.2424242424242424,0.4444444444444445,0.004158004158004269
0.09950248756218906,0.24390243902439024,0.45161290322580644,0.004761904761904634
0.10074626865671642,0.24390243902439024,0.45378151260504196,0.005724508050089283
0.10199004975124377,0.24539877300613497,0.45614035087719296,0.010954616588419452
0.10323383084577115,0.25,0.4566929133858268,0.01098901098901095
0.1044776119402985,0.25,0.4615384615384615,0.011034482758620692
0.10572139303482588,0.25,0.4615384615384615,0.011735330836454505
0.10696517412935323,0.25,0.4615384615384615,0.01279069767441865
0.10820895522388059,0.25,0.4660194174757281,0.013693270735524177
0.10945273631840796,0.25000000000000006,0.47058823529411764,0.015037593984962405
0.11069651741293532,0.2553191489361702,0.47058823529411764,0.015647226173541973
0.11194029850746269,0.2580645161290322,0.4742268041237113,0.01572327044025157
0.11318407960199005,0.25806451612903225,0.4788732394366197,0.015846994535519077
0.11442786069651742,0.2580645161290323,0.48000000000000004,0.016422947131608523
0.11567164179104478,0.2631578947368421,0.48148148148148145,0.016666666666666607
0.11691542288557213,0.26415094339622647,0.4888888888888889,0.016708437761069395
0.1181592039800995,0.26666666666666666,0.4893617021276596,0.017094017094017033
0.11940298507462686,0.26666666666666666,0.4931506849315069,0.01748807631160576
0.12064676616915423,0.26666666666666666,0.49382716049382713,0.017508417508417473
0.12189054726368159,0.2682926829268293,0.49624060150375937,0.019323671497584516
0.12313432835820895,0.2727272727272727,0.5,0.02020202020202
0.12437810945273632,0.275,0.5,0.020392156862745092
0.1256218905472637,0.28318584070796454,0.5,0.021256038647342934
0.12686567164179105,0.28571428571428575,0.5,0.021328958162428302
0.1281094527363184,0.29411764705882354,0.5,0.022148394241417457
0.12935323383084577,0.29545454545454547,0.5000000000000001,0.022148394241417457
0.13059701492537312,0.2962962962962963,0.5000000000000001,0.022222222222222254
0.1318407960199005,0.3,0.5060240963855422,0.022267206477732754
0.13308457711442787,0.30303030303030304,0.5128205128205128,0.022941970310391357
0.13432835820895522,0.30508474576271183,0.5128205128205129,0.023076923076923106
0.13557213930348258,0.30769230769230765,0.5128205128205129,0.023170731707317205
0.13681592039800994,0.3076923076923077,0.5128205128205129,0.02380952380952378
0.13805970149253732,0.3088235294117647,0.5142857142857143,0.023809523809523836
0.13930348258706468,0.3095238095238095,0.5161290322580646,0.02402402402402415
0.14054726368159204,0.31249999999999994,0.5217391304347825,0.024291497975708398
0.1417910447761194,0.3125,0.5238095238095238,0.024291497975708398
0.14303482587064675,0.3142857142857143,0.5263157894736842,0.024358974358974272
0.14427860696517414,0.3157894736842105,0.5333333333333333,0.024358974358974272
0.1455223880597015,0.31952662721893493,0.5333333333333333,0.02436323366555937
0.14676616915422885,0.3214285714285714,0.5365853658536585,0.024604686925417174
0.1480099502487562,0.3225806451612903,0.5384615384615384,0.025396825396825307
0.14925373134328357,0.32558139534883723,0.5384615384615384,0.02552552552552545
0.15049751243781095,0.3333333333333333,0.5402298850574714,0.025609756097560887
0.1517412935323383,0.3333333333333333,0.5443786982248521,0.02564102564102566
0.15298507462686567,0.33333333333333337,0.5454545454545455,0.02651515151515138
0.15422885572139303,0.3404255319148936,0.5517241379310345,0.027093596059113323
0.15547263681592038,0.3414634146341463,0.5517241379310346,0.027665317139001555
0.15671641791044777,0.34782608695652173,0.5555555555555556,0.027981345769486854
0.15796019900497513,0.3529411764705882,0.5599999999999999,0.028169014084507005
0.15920398009950248,0.35294117647058826,0.56,0.02832722832722845
0.16044776119402984,0.35294117647058826,0.56,0.028490028490028574
0.16169154228855723,0.35398230088495575,0.5625,0.028520499108734443
0.16293532338308458,0.3571428571428571,0.568421052631579,0.02857142857142858
0.16417910447761194,0.358974358974359,0.5689655172413793,0.028869778869778873
0.1654228855721393,0.36170212765957444,0.5714285714285714,0.029004614370467974
0.16666666666666666,0.36363636363636365,0.5714285714285714,0.02910052910052896
0.16791044776119404,0.36363636363636365,0.5714285714285714,0.02923976608187162
0.1691542288557214,0.36363636363636365,0.5714285714285715,0.029268292682926744
0.17039800995024876,0.36363636363636365,0.5714285714285715,0.029268292682926966
0.17164179104477612,0.36363636363636365,0.5806451612903226,0.029448621553884724
0.17288557213930347,0.3661971830985915,0.5833333333333334,0.030241935483870996
0.17412935323383086,0.37037037037037035,0.5846153846153846,0.030252100840336138
0.17537313432835822,0.375,0.5853658536585366,0.03026004728132392
0.17661691542288557,0.375,0.5882352941176471,0.030303030303030276
0.17786069651741293,0.375,0.5882352941176471,0.0312284730195177
0.1791044776119403,0.37500000000000006,0.5882352941176471,0.03165266106442566
0.18034825870646767,0.37500000000000006,0.5899280575539567,0.03172358052131741
0.18159203980099503,0.3764705882352941,0.5915492957746479,0.03190651260504196
0.1828358208955224,0.3829787234042554,0.5925925925925926,0.03201970443349755
0.18407960199004975,0.3835616438356165,0.5945945945945946,0.03218390804597704
0.1853233830845771,0.3846153846153846,0.5954198473282443,0.03261567185950187
0.1865671641791045,0.38461538461538464,0.6,0.032657100445323994
0.18781094527363185,0.3870967741935484,0.6,0.0326797385620915
0.1890547263681592,0.3888888888888889,0.6,0.03276353276353283
0.19029850746268656,0.39024390243902435,0.6,0.032786885245901676
0.19154228855721392,0.3921568627450981,0.6,0.03308823529411764
0.1927860696517413,0.3945578231292517,0.6,0.03333333333333338
0.19402985074626866,0.39999999999999997,0.6027397260273972,0.03397683397683393
0.19527363184079602,0.39999999999999997,0.6060606060606061,0.03413940256045511
0.19651741293532338,0.39999999999999997,0.6060606060606061,0.03418803418803407
0.19776119402985073,0.4,0.6086956521739131,0.03418803418803418
0.19900497512437812,0.4,0.6153846153846153,0.03440860215053765
0.20024875621890548,0.4,0.6153846153846153,0.03448275862068961
0.20149253731343283,0.4,0.6206896551724138,0.03448275862068961
0.2027363184079602,0.4,0.6206896551724138,0.03449367088607613
0.20398009950248755,0.4,0.6206896551724138,0.034782608695652195
0.20522388059701493,0.4,0.625,0.035051546391752564
0.2064676616915423,0.4019607843137255,0.6250000000000001,0.035196687370600444
0.20771144278606965,0.4067796610169491,0.6250000000000001,0.03647416413373861
0.208955223880597,0.40935672514619886,0.6276595744680851,0.03703703703703698
0.21019900497512436,0.4117647058823529,0.6285714285714286,0.037209302325581506
0.21144278606965175,0.4150943396226415,0.6285714285714286,0.03738317757009346
0.2126865671641791,0.4166666666666667,0.6296296296296297,0.03749999999999987
0.21393034825870647,0.4166666666666667,0.631578947368421,0.037735849056603765
0.21517412935323382,0.4186046511627907,0.631578947368421,0.039024390243902474
0.21641791044776118,0.4210526315789473,0.6338028169014085,0.03910068426197455
0.21766169154228857,0.4210526315789474,0.6341463414634146,0.03968253968253965
0.21890547263681592,0.421875,0.6363636363636364,0.03985507246376818
0.22014925373134328,0.4266666666666667,0.6382978723404255,0.03988603988604
0.22139303482587064,0.42857142857142855,0.6399999999999999,0.039999999999999925
0.22263681592039802,0.42857142857142855,0.6428571428571429,0.039999999999999925
0.22388059701492538,0.4313725490196078,0.6428571428571429,0.04039215686274511
0.22512437810945274,0.43181818181818177,0.6428571428571429,0.040598290598290565
0.2263681592039801,0.43478260869565216,0.6440677966101694,0.040723981900452455
0.22761194029850745,0.43478260869565216,0.6451612903225806,0.040935672514619936
0.22885572139303484,0.4347826086956522,0.6470588235294118,0.041025641025641046
0.2300995024875622,0.4375,0.649214659685864,0.04140786749482417
0.23134328358208955,0.4390243902439025,0.65,0.041585948598734324
0.2325870646766169,0.4406779661016949,0.6567164179104479,0.04166666666666663
0.23383084577114427,0.4444444444444444,0.6666666666666666,0.04166666666666666
0.23507462686567165,0.4444444444444444,0.6666666666666666,0.04166666666666674
0.236318407960199,0.4444444444444445,0.6666666666666666,0.04210526315789476
0.23756218905472637,0.4444444444444445,0.6666666666666666,0.042353479853479814
0.23880597014925373,0.4444444444444445,0.6666666666666666,0.04337686567164167
0.24004975124378108,0.45,0.6666666666666666,0.04343891402714939
0.24129353233830847,0.45000000000000007,0.6666666666666666,0.04347826086956519
0.24253731343283583,0.45161290322580644,0.6666666666666666,0.04347826086956519
0.24378109452736318,0.4516129032258065,0.6666666666666666,0.04428649535265161
0.24502487562189054,0.45454545454545453,0.6666666666666666,0.04466501240694798
0.2462686567164179,0.45454545454545453,0.6666666666666666,0.04537719795802608
0.24751243781094528,0.45454545454545453,0.6666666666666666,0.045454545454545414
0.24875621890547264,0.4545454545454546,0.6666666666666667,0.045833333333333504
0.25,0.4571428571428572,0.6666666666666667,0.04587495375508699
0.2512437810945274,0.45833333333333337,0.6666666666666667,0.046007403490216925
0.2524875621890547,0.4615384615384615,0.6730769230769231,0.04611330698287208
0.2537313432835821,0.46153846153846156,0.6756756756756757,0.0461538461538461
0.25497512437810943,0.4634146341463415,0.6808510638297872,0.04630321135175508
0.2562189054726368,0.46511627906976744,0.6885245901639345,0.047021943573667624
0.2574626865671642,0.46808510638297873,0.6896551724137931,0.04712404712404705
0.25870646766169153,0.4722222222222222,0.6896551724137931,0.047359696897939896
0.2599502487562189,0.47368421052631576,0.6904761904761904,0.04743083003952575
0.26119402985074625,0.47368421052631576,0.6923076923076923,0.047484454494064576
0.26243781094527363,0.4742268041237113,0.6956521739130435,0.04758771929824568
0.263681592039801,0.47619047619047616,0.6956521739130435,0.04761904761904767
0.26492537313432835,0.4761904761904762,0.6976744186046512,0.04761904761904767
0.26616915422885573,0.4761904761904762,0.6976744186046512,0.04761904761904778
0.26741293532338306,0.47826086956521735,0.6981132075471698,0.048770233340340696
0.26865671641791045,0.4788732394366197,0.6984126984126984,0.04962779156327546
0.26990049751243783,0.47953216374269,0.7,0.04978354978354982
0.27114427860696516,0.4799999999999999,0.7000000000000001,0.050000000000000155
0.27238805970149255,0.4864864864864864,0.7042253521126761,0.050108932461873534
0.2736318407960199,0.4864864864864865,0.7042253521126761,0.05068226120857694
0.27487562189054726,0.4864864864864865,0.7058823529411764,0.05128205128205128
0.27611940298507465,0.4888888888888889,0.7058823529411765,0.05170940170940169
0.277363184079602,0.4897959183673469,0.7058823529411765,0.051948051948051965
0.27860696517412936,0.49230769230769234,0.7083333333333333,0.052032520325203224
0.2798507462686567,0.4999999999999999,0.7096774193548386,0.05217659771534433
0.2810945273631841,0.5,0.7096774193548387,0.05228758169934633
0.28233830845771146,0.5,0.7096774193548387,0.05228758169934633
0.2835820895522388,0.5,0.7111111111111111,0.05228758169934644
0.2848258706467662,0.5,0.7111111111111111,0.05263157894736836
0.2860696517412935,0.5,0.7142857142857142,0.05263157894736836
0.2873134328358209,0.5,0.7142857142857143,0.05263157894736836
0.2885572139303483,0.5,0.7142857142857143,0.05400242459865548
0.2898009950248756,0.5076142131979695,0.7142857142857143,0.054487179487179405
0.291044776119403,0.5106382978723404,0.7142857142857143,0.054545454545454564
0.2922885572139303,0.5111111111111112,0.7142857142857143,0.05533596837944654
0.2935323383084577,0.5116279069767442,0.7169811320754716,0.05555555555555558
0.2947761194029851,0.5116279069767442,0.7169811320754718,0.05555555555555569
0.2960199004975124,0.5128205128205128,0.7241379310344828,0.05555555555555569
0.2972636815920398,0.5128205128205129,0.7272727272727272,0.05714285714285705
0.29850746268656714,0.5196078431372549,0.7272727272727273,0.05714285714285716
0.2997512437810945,0.5197740112994349,0.7272727272727273,0.058181075839542684
0.3009950248756219,0.5208333333333334,0.7272727272727273,0.058275058275058356
0.30223880597014924,0.5217391304347826,0.7317073170731706,0.05833333333333324
0.3034825870646766,0.5263157894736842,0.7333333333333334,0.05932203389830509
0.30472636815920395,0.5263157894736842,0.7333333333333334,0.05942275042444822
0.30597014925373134,0.5263157894736842,0.7333333333333334,0.05944055944055959
0.3072139303482587,0.5294117647058824,0.7333333333333334,0.059701492537313605
0.30845771144278605,0.5294117647058825,0.7346938775510203,0.06020066889632092
0.30970149253731344,0.5333333333333333,0.7368421052631577,0.060851926977687654
0.31094527363184077,0.5333333333333333,0.7368421052631577,0.061111111111111116
0.31218905472636815,0.5384615384615385,0.7368421052631577,0.061111111111111116
0.31343283582089554,0.5454545454545454,0.7407407407407407,0.061403508771929904
0.31467661691542287,0.5454545454545454,0.7407407407407408,0.06227106227106227
0.31592039800995025,0.5454545454545454,0.7428571428571428,0.06229143492769751
0.31716417910447764,0.5490196078431373,0.7428571428571429,0.0625
0.31840796019900497,0.5500000000000002,0.742857142857143,0.0625
0.31965174129353235,0.5535714285714285,0.742857142857143,0.06342263531984693
0.3208955223880597,0.5555555555555556,0.7435897435897437,0.06352357320099244
0.32213930348258707,0.5555555555555556,0.7441860465116278,0.06370070778564219
0.32338308457711445,0.5555555555555556,0.7450980392156863,0.06370070778564219
0.3246268656716418,0.5555555555555556,0.7450980392156864,0.06376811594202902
0.32587064676616917,0.5555555555555556,0.7500000000000001,0.06410256410256421
0.3271144278606965,0.5555555555555556,0.7500000000000001,0.06442335346563133
0.3283582089552239,0.56,0.759493670886076,0.06518518518518512
0.32960199004975127,0.56,0.7594936708860761,0.065359477124183
0.3308457711442786,0.56,0.7647058823529411,0.06593406593406592
0.332089552238806,0.56,0.7647058823529412,0.06593406593406603
0.3333333333333333,0.5625,0.7647058823529412,0.06627680311890827
0.3345771144278607,0.5625000000000001,0.7659574468085107,0.0662790697674418
0.3358208955223881,0.563758389261745,0.7692307692307692,0.0662790697674418
0.3370646766169154,0.5641025641025641,0.7692307692307692,0.06627906976744191
0.3383084577114428,0.5641025641025641,0.7692307692307692,0.06641123882503186
0.33955223880597013,0.5660377358490567,0.7692307692307693,0.0665188470066519
0.3407960199004975,0.5675675675675675,0.7692307692307693,0.066518847006652
0.3420398009950249,0.5689655172413793,0.7710843373493975,0.06666666666666665
0.34328358208955223,0.5714285714285714,0.7741935483870968,0.06666666666666665
0.3445273631840796,0.5714285714285715,0.7777777777777777,0.06666666666666667
0.34577114427860695,0.5714285714285715,0.7777777777777777,0.06677265500794904
0.34701492537313433,0.5714285714285715,0.7777777777777778,0.06677265500794904
0.3482587064676617,0.5714285714285715,0.7777777777777778,0.06837606837606847
0.34950248756218905,0.5714285714285715,0.782608695652174,0.06848112379280091
0.35074626865671643,0.5789473684210525,0.782608695652174,0.06862745098039219
0.35199004975124376,0.5789473684210527,0.7857142857142857,0.06866002214839417
0.35323383084577115,0.5806451612903225,0.7857142857142857,0.06896551724137934
0.35447761194029853,0.5806451612903225,0.7857142857142857,0.06944444444444453
0.35572139303482586,0.5806451612903226,0.7857142857142858,0.06956521739130439
0.35696517412935325,0.5833333333333334,0.7865168539325843,0.07004442763966345
0.3582089552238806,0.5853658536585366,0.7868852459016393,0.07051282051282048
0.35945273631840796,0.588235294117647,0.7887323943661971,0.07111111111111101
0.36069651741293535,0.588235294117647,0.7894736842105262,0.0712518555170708
0.3619402985074627,0.5882352941176471,0.7894736842105263,0.07142857142857145
0.36318407960199006,0.5882352941176471,0.7906976744186046,0.07142857142857151
0.3644278606965174,0.5899280575539567,0.7916666666666666,0.07142857142857151
0.3656716417910448,0.5915492957746479,0.793103448275862,0.07195121951219519
0.36691542288557216,0.5925925925925926,0.7936507936507937,0.0719512195121953
0.3681592039800995,0.5945945945945946,0.7999999999999999,0.07239819004524883
0.3694029850746269,0.5957446808510638,0.7999999999999999,0.07257870704157648
0.3706467661691542,0.5957446808510639,0.8,0.07267441860465107
0.3718905472636816,0.6,0.8,0.07430340557275539
0.373134328358209,0.6,0.8,0.07468519322622663
0.3743781094527363,0.6060606060606061,0.8,0.07507507507507494
0.3756218905472637,0.6060606060606061,0.8,0.0757575757575758
0.376865671641791,0.6060606060606061,0.8,0.07603686635944695
0.3781094527363184,0.6071428571428571,0.8000000000000002,0.0766998341625208
0.3793532338308458,0.6086956521739131,0.8016877637130803,0.07692307692307687
0.3805970149253731,0.6122448979591837,0.8034188034188032,0.07692307692307698
0.3818407960199005,0.6153846153846153,0.8041237113402061,0.07777777777777761
0.38308457711442784,0.6153846153846153,0.8059701492537314,0.07777777777777778
0.3843283582089552,0.6153846153846153,0.8070175438596491,0.07803790412486072
0.3855721393034826,0.6153846153846153,0.8070175438596493,0.07843137254901955
0.38681592039800994,0.6153846153846153,0.8108108108108107,0.0784313725490196
0.3880597014925373,0.6153846153846154,0.8108108108108109,0.07843137254901966
0.38930348258706465,0.6153846153846154,0.8108108108108109,0.07843137254901977
0.39054726368159204,0.6181818181818182,0.8108108108108109,0.07910349373764014
0.3917910447761194,0.6206896551724138,0.8108108108108109,0.07936507936507936
0.39303482587064675,0.6216216216216216,0.8108108108108109,0.07957559681697601
0.39427860696517414,0.625,0.8125,0.07999999999999985
0.39552238805970147,0.6250000000000001,0.8125,0.07999999999999996
0.39676616915422885,0.6265060240963856,0.8125000000000001,0.0803571428571429
0.39800995024875624,0.6274509803921569,0.8131868131868132,0.08067632850241546
0.39925373134328357,0.6285714285714286,0.8141592920353983,0.08169291338582674
0.40049751243781095,0.6304347826086957,0.8148148148148148,0.0818181818181819
0.4017412935323383,0.631578947368421,0.8148148148148148,0.0818181818181819
0.40298507462686567,0.631578947368421,0.8148148148148148,0.08234126984126977
0.40422885572139305,0.631578947368421,0.8155339805825244,0.08260373049105452
0.4054726368159204,0.6341463414634146,0.8205128205128205,0.082815734989648
0.40671641791044777,0.6341463414634146,0.8205128205128205,0.08308895405669592
0.4079601990049751,0.634920634920635,0.8205128205128205,0.08333333333333326
0.4092039800995025,0.6363636363636364,0.8205128205128205,0.08333333333333326
0.41044776119402987,0.6363636363636364,0.8205128205128205,0.0843770599868161
0.4116915422885572,0.6376811594202899,0.8214285714285715,0.0843770599868161
0.4129353233830846,0.6382978723404256,0.8219178082191781,0.0843770599868161
0.4141791044776119,0.64,0.8235294117647058,0.08472400513478817
0.4154228855721393,0.6415094339622641,0.8235294117647058,0.08509064002959665
0.4166666666666667,0.6440677966101694,0.8235294117647058,0.0855614973262031
0.417910447761194,0.6461538461538462,0.8235294117647058,0.08578431372549011
0.4191542288557214,0.6470588235294117,0.8235294117647058,0.08586762075134169
0.42039800995024873,0.6484018264840182,0.8235294117647058,0.08586762075134169
0.4216417910447761,0.6486486486486486,0.823529411764706,0.08602150537634412
0.4228855721393035,0.6486486486486486,0.826923076923077,0.08636363636363642
0.42412935323383083,0.65,0.8292682926829269,0.08636363636363642
0.4253731343283582,0.65,0.8292682926829269,0.08636363636363653
0.42661691542288555,0.6500000000000001,0.830188679245283,0.08636363636363653
0.42786069651741293,0.6511627906976744,0.8301886792452831,0.08653846153846151
0.4291044776119403,0.6511627906976745,0.8333333333333333,0.08668730650154799
0.43034825870646765,0.6511627906976745,0.8333333333333333,0.08668730650154821
0.43159203980099503,0.6521739130434783,0.8333333333333333,0.086720867208672
0.43283582089552236,0.6521739130434783,0.8333333333333334,0.086720867208672
0.43407960199004975,0.6521739130434783,0.8333333333333334,0.086720867208672
0.43532338308457713,0.6530612244897959,0.8354430379746837,0.086720867208672
0.43656716417910446,0.6538461538461539,0.8372093023255813,0.086720867208672
0.43781094527363185,0.6551724137931034,0.8372093023255814,0.086720867208672
0.43905472636815923,0.6588235294117647,0.8372093023255814,0.08695652173913049
0.44029850746268656,0.6666666666666666,0.8372093023255814,0.08695652173913049
0.44154228855721395,0.6666666666666666,0.8372093023255814,0.08695652173913049
0.4427860696517413,0.6666666666666666,0.8421052631578947,0.08727272727272739
0.44402985074626866,0.6666666666666666,0.8421052631578947,0.08735110606920027
0.44527363184079605,0.6666666666666666,0.8421052631578947,0.08777239709443108
0.4465174129353234,0.6666666666666666,0.8421052631578947,0.08785529715762275
0.44776119402985076,0.6666666666666666,0.8421052631578947,0.08965062623599207
0.4490049751243781,0.6666666666666666,0.8421052631578947,0.08965062623599207
0.4502487562189055,0.6666666666666666,0.8421052631578948,0.09063804412641607
0.45149253731343286,0.6666666666666667,0.8421052631578948,0.09063804412641618
0.4527363184079602,0.6666666666666667,0.8444444444444444,0.09087003222341583
0.4539800995024876,0.6666666666666667,0.8444444444444444,0.09090909090909094
0.4552238805970149,0.6666666666666667,0.8461538461538461,0.09090909090909094
0.4564676616915423,0.6666666666666667,0.8461538461538461,0.09090909090909094
0.4577114427860697,0.6666666666666667,0.8484848484848485,0.09127789046653134
0.458955223880597,0.6666666666666667,0.8500000000000001,0.09179926560587504
0.4601990049751244,0.6666666666666667,0.8500000000000001,0.09207547169811325
0.4614427860696517,0.6722689075630253,0.8505747126436781,0.09230769230769231
0.4626865671641791,0.6774193548387096,0.8510638297872342,0.0923520923520923
0.4639303482587065,0.68,0.8524590163934427,0.09259259259259256
0.4651741293532338,0.6808510638297872,0.8571428571428571,0.09285714285714297
0.4664179104477612,0.6818181818181818,0.8571428571428571,0.09340944473274504
0.46766169154228854,0.6818181818181819,0.8571428571428571,0.09410801963993443
0.4689054726368159,0.6829268292682926,0.8571428571428571,0.09455128205128216
0.4701492537313433,0.6829268292682927,0.8571428571428571,0.0945812807881774
0.47139303482587064,0.6829268292682927,0.8571428571428571,0.09464508094645085
0.472636815920398,0.6829268292682927,0.8571428571428571,0.09482758620689652
0.47388059701492535,0.6837606837606838,0.8571428571428571,0.09492419248516804
0.47512437810945274,0.6842105263157896,0.8571428571428571,0.09523809523809523
0.4763681592039801,0.6857142857142856,0.8571428571428571,0.09523809523809534
0.47761194029850745,0.6857142857142857,0.8571428571428571,0.09615384615384626
0.47885572139303484,0.6874999999999999,0.8571428571428571,0.0979192166462669
0.48009950248756217,0.6896551724137931,0.8571428571428571,0.09803921568627438
0.48134328358208955,0.6896551724137931,0.8571428571428572,0.09807886754297257
0.48258706467661694,0.6923076923076923,0.8598130841121495,0.09879931389365348
0.48383084577114427,0.693877551020408,0.8620689655172413,0.09963369963369961
0.48507462686567165,0.6938775510204082,0.8648648648648648,0.09979296066252585
0.486318407960199,0.6956521739130435,0.8648648648648648,0.09999999999999987
0.48756218905472637,0.6956521739130435,0.8648648648648648,0.09999999999999998
0.48880597014925375,0.6956521739130435,0.8648648648648648,0.10085470085470083
0.4900497512437811,0.6956521739130436,0.8648648648648648,0.10131712259371839
0.49129353233830847,0.6956521739130436,0.8656716417910448,0.1017441860465117
0.4925373134328358,0.6969696969696969,0.8666666666666666,0.10238095238095235
0.4937810945273632,0.6976744186046512,0.8695652173913043,0.10256410256410253
0.49502487562189057,0.6976744186046512,0.8695652173913044,0.10283687943262398
0.4962686567164179,0.6976744186046512,0.8695652173913044,0.10283687943262398
0.4975124378109453,0.6984126984126985,0.8709677419354839,0.10370370370370374
0.4987562189054726,0.7000000000000001,0.8717948717948718,0.10403916768665844
0.5,0.7000000000000001,0.8717948717948718,0.10403916768665844
0.5012437810945274,0.7027027027027026,0.8717948717948718,0.10453283996299712
0.5024875621890548,0.7027027027027029,0.8717948717948718,0.10476190476190483
0.503731343283582,0.7027027027027029,0.8717948717948718,0.1048951048951049
0.5049751243781094,0.7029702970297029,0.8717948717948718,0.10532150776053206
0.5062189054726368,0.7058823529411765,0.8732394366197183,0.10555555555555574
0.5074626865671642,0.7058823529411765,0.8749999999999999,0.10574712643678152
0.5087064676616916,0.7058823529411765,0.8749999999999999,0.1063829787234043
0.5099502487562189,0.7073170731707317,0.875,0.10666666666666658
0.5111940298507462,0.7083333333333333,0.8780487804878048,0.10686456400742106
0.5124378109452736,0.7088607594936709,0.8780487804878048,0.1071428571428571
0.513681592039801,0.7096774193548386,0.8780487804878048,0.1071428571428572
0.5149253731343284,0.7096774193548386,0.8780487804878048,0.1071428571428572
0.5161691542288557,0.7096774193548387,0.8780487804878049,0.10726950354609921
0.5174129353233831,0.711111111111111,0.878048780487805,0.10727969348659006
0.5186567164179104,0.711111111111111,0.8799999999999999,0.1076187569931849
0.5199004975124378,0.711111111111111,0.8799999999999999,0.10784313725490191
0.5211442786069652,0.7111111111111111,0.8813559322033897,0.108108108108108
0.5223880597014925,0.7111111111111111,0.8813559322033899,0.10810810810810811
0.5236318407960199,0.7111111111111111,0.8823529411764706,0.10822510822510822
0.5248756218905473,0.7142857142857143,0.8837209302325582,0.10838709677419361
0.5261194029850746,0.7160493827160493,0.8837209302325582,0.10840108401084014
0.527363184079602,0.717948717948718,0.8846153846153847,0.10930329578639963
0.5286069651741293,0.7200000000000001,0.8888888888888888,0.1098039215686274
0.5298507462686567,0.7200000000000001,0.8888888888888888,0.1098039215686275
0.5310945273631841,0.7222222222222222,0.8888888888888888,0.11015911872705009
0.5323383084577115,0.725,0.8888888888888888,0.1107226107226108
0.5335820895522388,0.7272727272727272,0.888888888888889,0.1107226107226108
0.5348258706467661,0.7272727272727272,0.888888888888889,0.1107226107226108
0.5360696517412935,0.7272727272727272,0.888888888888889,0.11084843708957176
0.5373134328358209,0.7272727272727272,0.888888888888889,0.11111111111111105
0.5385572139303483,0.7272727272727272,0.888888888888889,0.11111111111111105
0.5398009950248757,0.7272727272727272,0.888888888888889,0.11111111111111105
0.5410447761194029,0.7272727272727272,0.888888888888889,0.11111111111111105
0.5422885572139303,0.7272727272727272,0.888888888888889,0.11111111111111105
0.5435323383084577,0.7272727272727273,0.888888888888889,0.11188811188811199
0.5447761194029851,0.7272727272727273,0.888888888888889,0.11188811188811199
0.5460199004975125,0.7272727272727274,0.888888888888889,0.11209133367929425
0.5472636815920398,0.7301587301587302,0.888888888888889,0.11228070175438604
0.5485074626865671,0.7317073170731707,0.8936170212765957,0.11236660389202757
0.5497512437810945,0.7368421052631577,0.8936170212765957,0.11267605633802824
0.5509950248756219,0.7368421052631577,0.8936170212765958,0.11313639220615967
0.5522388059701493,0.7368421052631577,0.8936170212765958,0.11363636363636365
0.5534825870646766,0.7368421052631579,0.8936170212765958,0.11390602752728995
0.554726368159204,0.7368421052631579,0.8947368421052632,0.11428571428571421
0.5559701492537313,0.7368421052631579,0.8947368421052632,0.1147058823529411
0.5572139303482587,0.7384615384615385,0.8947368421052632,0.11483253588516751
0.5584577114427861,0.7391304347826088,0.8947368421052632,0.11583011583011593
0.5597014925373134,0.7391304347826088,0.8947368421052632,0.11666666666666681
0.5609452736318408,0.7391304347826089,0.8947368421052632,0.11668009669621277
0.5621890547263682,0.7407407407407406,0.8947368421052632,0.11703239289446199
0.5634328358208955,0.7407407407407408,0.8947368421052632,0.11708371949335816
0.5646766169154229,0.7407407407407408,0.8947368421052632,0.11744186046511634
0.5659203980099502,0.7441860465116279,0.896551724137931,0.11831862999481046
0.5671641791044776,0.7441860465116279,0.896551724137931,0.11831862999481046
0.568407960199005,0.7441860465116279,0.8979591836734693,0.11904761904761896
0.5696517412935324,0.7441860465116279,0.8985507246376813,0.11904761904761896
0.5708955223880597,0.7450980392156863,0.9,0.11904761904761896
0.572139303482587,0.7450980392156863,0.9,0.11904761904761907
0.5733830845771144,0.7499999999999999,0.9,0.11904761904761907
0.5746268656716418,0.7499999999999999,0.9,0.11939365525863432
0.5758706467661692,0.7499999999999999,0.9,0.11965811965811946
0.5771144278606966,0.7499999999999999,0.9032258064516129,0.1200000000000001
0.5783582089552238,0.7499999999999999,0.9032258064516129,0.12006172839506174
0.5796019900497512,0.7499999999999999,0.9047619047619047,0.12200956937799046
0.5808457711442786,0.7499999999999999,0.9047619047619047,0.12217194570135748
0.582089552238806,0.75,0.9047619047619048,0.12228260869565222
0.5833333333333334,0.75,0.9047619047619048,0.12244897959183665
0.5845771144278606,0.75,0.9047619047619048,0.12352941176470578
0.585820895522388,0.7500000000000001,0.9047619047619048,0.12358803986710953
0.5870646766169154,0.7555555555555554,0.90625,0.12383900928792571
0.5883084577114428,0.7555555555555556,0.909090909090909,0.12391304347826082
0.5895522388059702,0.7555555555555556,0.909090909090909,0.12391304347826093
0.5907960199004975,0.7567567567567567,0.9090909090909091,0.12444444444444436
0.5920398009950248,0.7567567567567568,0.9090909090909091,0.1245459263103269
0.5932835820895522,0.7567567567567568,0.9090909090909091,0.12454592631032702
0.5945273631840796,0.7586206896551724,0.9090909090909091,0.12499999999999989
0.595771144278607,0.7586206896551724,0.9090909090909091,0.125
0.5970149253731343,0.7586206896551724,0.9090909090909091,0.12605042016806722
0.5982587064676617,0.7586206896551724,0.9090909090909091,0.12629399585921308
0.599502487562189,0.761904761904762,0.9090909090909091,0.12631578947368421
0.6007462686567164,0.761904761904762,0.9090909090909091,0.12682926829268293
0.6019900497512438,0.7647058823529412,0.912280701754386,0.12698412698412687
0.6032338308457711,0.7659574468085106,0.9130434782608695,0.12698412698412703
0.6044776119402985,0.7659574468085106,0.9130434782608695,0.12727272727272732
0.6057213930348259,0.7692307692307692,0.9130434782608696,0.12727272727272732
0.6069651741293532,0.7692307692307693,0.9130434782608696,0.12765957446808518
0.6082089552238806,0.7708333333333334,0.9142857142857143,0.1289926289926291
0.6094527363184079,0.7719298245614035,0.9142857142857143,0.12903225806451613
0.6106965174129353,0.7727272727272727,0.9142857142857143,0.12918660287081352
0.6119402985074627,0.7727272727272727,0.9142857142857143,0.129418856150055
0.6131840796019901,0.7741935483870968,0.9142857142857143,0.1305595408895266
0.6144278606965174,0.7777777777777777,0.9142857142857143,0.13064516129032255
0.6156716417910447,0.7777777777777777,0.9142857142857143,0.1307300509337862
0.6169154228855721,0.7777777777777778,0.9152542372881356,0.13213213213213226
0.6181592039800995,0.7777777777777778,0.9166666666666666,0.1333333333333333
0.6194029850746269,0.7804878048780487,0.9166666666666666,0.13379790940766556
0.6206467661691543,0.7804878048780487,0.9166666666666666,0.1342031686859273
0.6218905472636815,0.7804878048780487,0.9166666666666666,0.1346153846153847
0.6231343283582089,0.7804878048780487,0.9189189189189189,0.1346153846153847
0.6243781094527363,0.7804878048780487,0.9189189189189189,0.1356589147286822
0.6256218905472637,0.7804878048780488,0.9189189189189189,0.1360544217687074
0.6268656716417911,0.782608695652174,0.9189189189189189,0.13717948717948714
0.6281094527363185,0.782608695652174,0.9189189189189189,0.13725490196078427
0.6293532338308457,0.782608695652174,0.918918918918919,0.13880742913000987
0.6305970149253731,0.782608695652174,0.918918918918919,0.13888888888888906
0.6318407960199005,0.7843137254901961,0.918918918918919,0.13918128654970774
0.6330845771144279,0.7843137254901961,0.9206349206349207,0.1399999999999999
0.6343283582089553,0.7857142857142858,0.923076923076923,0.1400966183574879
0.6355721393034826,0.7878787878787877,0.923076923076923,0.14046822742474907
0.6368159203980099,0.787878787878788,0.923076923076923,0.14046822742474918
0.6380597014925373,0.7906976744186047,0.923076923076923,0.14046822742474918
0.6393034825870647,0.7906976744186047,0.923076923076923,0.14047619047619053
0.6405472636815921,0.7906976744186047,0.923076923076923,0.14117647058823535
0.6417910447761194,0.7906976744186047,0.923076923076923,0.1428571428571429
0.6430348258706468,0.793103448275862,0.923076923076923,0.1433823529411764
0.6442786069651741,0.7999999999999999,0.923076923076923,0.14420062695924774
0.6455223880597015,0.7999999999999999,0.923076923076923,0.1445904954499494
0.6467661691542289,0.7999999999999999,0.923076923076923,0.1452810180275716
0.6480099502487562,0.7999999999999999,0.923076923076923,0.14557485525227465
0.6492537313432836,0.7999999999999999,0.9230769230769231,0.1458333333333333
0.650497512437811,0.7999999999999999,0.9230769230769231,0.14663256606990616
0.6517412935323383,0.7999999999999999,0.9230769230769231,0.14747474747474748
0.6529850746268657,0.8,0.9230769230769231,0.14846335697399526
0.654228855721393,0.8,0.9230769230769231,0.14883720930232558
0.6554726368159204,0.8,0.9230769230769231,0.14883720930232558
0.6567164179104478,0.8,0.9230769230769231,0.14920634920634912
0.6579601990049752,0.8,0.9230769230769231,0.14920634920634912
0.6592039800995025,0.8,0.9230769230769231,0.14947089947089953
0.6604477611940298,0.8000000000000002,0.9230769230769231,0.14974475326148606
0.6616915422885572,0.8000000000000002,0.9230769230769231,0.15000000000000013
0.6629353233830846,0.8041237113402061,0.9230769230769231,0.15056689342403629
0.664179104477612,0.8064516129032258,0.9259259259259259,0.1507760532150776
0.6654228855721394,0.8085106382978724,0.9268292682926829,0.1507760532150776
0.6666666666666666,0.8085106382978724,0.9268292682926829,0.1524390243902439
0.667910447761194,0.8085106382978724,0.9268292682926829,0.15246015246015254
0.6691542288557214,0.8085106382978724,0.9268292682926829,0.15329768270944755
0.6703980099502488,0.8089887640449438,0.9268292682926829,0.15384615384615374
0.6716417910447762,0.8095238095238095,0.9268292682926829,0.15416666666666656
0.6728855721393034,0.8095238095238095,0.9268292682926829,0.15581098339719024
0.6741293532338308,0.8095238095238095,0.9268292682926829,0.1559322033898306
0.6753731343283582,0.8095238095238095,0.9268292682926829,0.15606060606060607
0.6766169154228856,0.8125,0.9285714285714286,0.15652173913043488
0.677860696517413,0.8125,0.9285714285714286,0.15664160401002514
0.6791044776119403,0.8135593220338984,0.9285714285714286,0.1571958880639634
0.6803482587064676,0.8148148148148148,0.9285714285714286,0.1578947368421052
0.681592039800995,0.8148148148148148,0.9285714285714286,0.1578947368421052
0.6828358208955224,0.8163265306122449,0.9285714285714286,0.1578947368421052
0.6840796019900498,0.8163265306122449,0.9302325581395349,0.15804597701149425
0.6853233830845771,0.8163265306122449,0.9302325581395349,0.15863689776733259
0.6865671641791045,0.8169014084507041,0.9302325581395349,0.1587301587301586
0.6878109452736318,0.8181818181818181,0.9302325581395349,0.15873015873015872
0.6890547263681592,0.8181818181818181,0.9333333333333332,0.15909090909090895
0.6902985074626866,0.8181818181818181,0.9333333333333332,0.1591397849462366
0.6915422885572139,0.8181818181818181,0.9333333333333333,0.15917843388960196
0.6927860696517413,0.8205128205128205,0.9333333333333333,0.15917843388960196
0.6940298507462687,0.8205128205128205,0.9333333333333333,0.15928322548531604
0.695273631840796,0.822429906542056,0.9333333333333333,0.16117216117216115
0.6965174129353234,0.8235294117647058,0.9333333333333333,0.16129032258064516
0.6977611940298507,0.823529411764706,0.9333333333333333,0.16168327796234772
0.6990049751243781,0.823529411764706,0.9333333333333333,0.16195485426254652
0.7002487562189055,0.823529411764706,0.9333333333333333,0.16216216216216217
0.7014925373134329,0.8260869565217391,0.9333333333333333,0.16249999999999998
0.7027363184079602,0.8260869565217391,0.9333333333333333,0.16346153846153855
0.7039800995024875,0.8260869565217391,0.9333333333333333,0.16392156862745103
0.7052238805970149,0.8260869565217392,0.9361702127659574,0.16584833606110194
0.7064676616915423,0.8260869565217392,0.9361702127659574,0.16666666666666674
0.7077114427860697,0.8275862068965518,0.9361702127659575,0.16828898983344154
0.7089552238805971,0.8292682926829268,0.9375,0.16921269095182134
0.7101990049751243,0.8292682926829268,0.9375,0.16995073891625623
0.7114427860696517,0.8333333333333333,0.9411764705882353,0.17021276595744672
0.7126865671641791,0.8333333333333333,0.9411764705882353,0.17142857142857143
0.7139303482587065,0.8333333333333333,0.9411764705882353,0.17307692307692324
0.7151741293532339,0.8333333333333333,0.9411764705882353,0.1733870967741935
0.7164179104477612,0.8333333333333333,0.9411764705882353,0.17391304347826086
0.7176616915422885,0.8333333333333333,0.9411764705882353,0.17594834543987087
0.7189054726368159,0.8333333333333333,0.9411764705882353,0.17607305936073053
0.7201492537313433,0.8333333333333333,0.9411764705882353,0.1764705882352941
0.7213930348258707,0.8333333333333333,0.9411764705882353,0.1777777777777777
0.722636815920398,0.8333333333333333,0.9411764705882353,0.1792717086834733
0.7238805970149254,0.8333333333333334,0.9411764705882353,0.18018018018018012
0.7251243781094527,0.8333333333333334,0.9411764705882353,0.18181818181818188
0.7263681592039801,0.8333333333333334,0.9411764705882353,0.18181818181818188
0.7276119402985075,0.8333333333333334,0.9433962264150944,0.18333333333333335
0.7288557213930348,0.8372093023255813,0.9444444444444444,0.18438623523369302
0.7300995024875622,0.8372093023255813,0.9444444444444444,0.1844792375765827
0.7313432835820896,0.8372093023255814,0.9444444444444444,0.1846496106785317
0.7325870646766169,0.8372093023255814,0.9444444444444444,0.1875
0.7338308457711443,0.8421052631578947,0.9473684210526315,0.1875
0.7350746268656716,0.8421052631578948,0.9473684210526315,0.19047619047619047
0.736318407960199,0.8421052631578948,0.9473684210526315,0.19195046439628483
0.7375621890547264,0.8421052631578948,0.9473684210526316,0.19206349206349205
0.7388059701492538,0.8421052631578948,0.9473684210526316,0.19323671497584538
0.7400497512437811,0.8444444444444443,0.9487179487179489,0.19323671497584538
0.7412935323383084,0.8450704225352113,0.9500000000000001,0.1932367149758455
0.7425373134328358,0.8461538461538461,0.9500000000000001,0.19444444444444448
0.7437810945273632,0.8484848484848484,0.9500000000000001,0.19512195121951215
0.7450248756218906,0.8484848484848485,0.9500000000000001,0.19524405506883613
0.746268656716418,0.85,0.9500000000000001,0.1964912280701755
0.7475124378109452,0.8510638297872339,0.9500000000000001,0.19738751814223504
0.7487562189054726,0.8510638297872339,0.9500000000000001,0.19740259740259758
0.75,0.851063829787234,0.9500000000000001,0.19811320754716977
0.7512437810945274,0.8510638297872342,0.9500000000000001,0.19819819819819806
0.7524875621890548,0.8510638297872342,0.9500000000000001,0.19999999999999996
0.753731343283582,0.8518518518518519,0.9500000000000001,0.19999999999999996
0.7549751243781094,0.8571428571428571,0.9500000000000001,0.20086202419899257
0.7562189054726368,0.8571428571428571,0.9500000000000001,0.206896551724138
0.7574626865671642,0.8571428571428571,0.9500000000000001,0.20760233918128668
0.7587064676616916,0.8571428571428571,0.9500000000000001,0.20779220779220775
0.7599502487562189,0.8571428571428571,0.9500000000000001,0.20795892169448005
0.7611940298507462,0.8571428571428571,0.9500000000000001,0.20819490586932443
0.7624378109452736,0.8571428571428571,0.9500000000000001,0.20990566037735864
0.763681592039801,0.8571428571428571,0.9500000000000001,0.21181001283697043
0.7649253731343284,0.8571428571428571,0.9500000000000001,0.2118171683389074
0.7661691542288557,0.8571428571428572,0.9508196721311476,0.21363636363636374
0.7674129353233831,0.8620689655172414,0.9523809523809523,0.2142857142857143
0.7686567164179104,0.8627450980392156,0.9523809523809523,0.21571815718157183
0.7699004975124378,0.8636363636363635,0.9523809523809523,0.21841820151679314
0.7711442786069652,0.8636363636363635,0.9523809523809523,0.21912144702842373
0.7723880597014925,0.8636363636363635,0.9523809523809523,0.22179487179487167
0.7736318407960199,0.8636363636363635,0.9523809523809523,0.2222222222222222
0.7748756218905473,0.8636363636363635,0.9523809523809523,0.2222222222222222
0.7761194029850746,0.8636363636363635,0.9523809523809523,0.22284996861268053
0.777363184079602,0.8636363636363636,0.9523809523809523,0.2236128493950773
0.7786069651741293,0.8636363636363636,0.9523809523809523,0.22569879015435956
0.7798507462686567,0.8648648648648648,0.9523809523809523,0.22571428571428576
0.7810945273631841,0.8648648648648648,0.9523809523809523,0.22727272727272724
0.7823383084577115,0.8666666666666666,0.9523809523809523,0.2272727272727273
0.7835820895522388,0.8666666666666667,0.9523809523809523,0.22764227642276413
0.7848258706467661,0.8679245283018868,0.9523809523809523,0.22857142857142854
0.7860696517412935,0.8695652173913043,0.9523809523809523,0.23142370958593306
0.7873134328358209,0.8695652173913043,0.9545454545454546,0.23142370958593306
0.7885572139303483,0.8695652173913043,0.9545454545454546,0.23359288097886544
0.7898009950248757,0.8695652173913043,0.955223880597015,0.23484848484848483
0.7910447761194029,0.8695652173913043,0.9555555555555556,0.23529411764705876
0.7922885572139303,0.870967741935484,0.9565217391304348,0.23529411764705876
0.7935323383084577,0.8717948717948718,0.9565217391304348,0.23571428571428577
0.7947761194029851,0.8717948717948718,0.9565217391304348,0.23647932131495208
0.7960199004975125,0.8717948717948718,0.9565217391304348,0.23891625615763545
0.7972636815920398,0.8727272727272727,0.9565217391304348,0.24245423057892135
0.7985074626865671,0.8727272727272727,0.9565217391304348,0.2429149797570851
0.7997512437810945,0.8727272727272728,0.9583333333333334,0.24390243902439024
0.8009950248756219,0.875,0.96,0.2439024390243903
0.8022388059701493,0.8750000000000001,0.96,0.244343891402715
0.8034825870646766,0.8750000000000001,0.96,0.24561403508771928
0.804726368159204,0.8775510204081631,0.9600000000000001,0.246068455134135
0.8059701492537313,0.8780487804878048,0.9600000000000001,0.24705882352941178
0.8072139303482587,0.8780487804878049,0.9600000000000001,0.2490566037735849
0.8084577114427861,0.878048780487805,0.9600000000000001,0.25225225225225234
0.8097014925373134,0.8799999999999999,0.9629629629629629,0.2531194295900178
0.8109452736318408,0.8813559322033897,0.9629629629629629,0.2532855436081244
0.8121890547263682,0.8823529411764706,0.962962962962963,0.2532894736842104
0.8134328358208955,0.8837209302325582,0.962962962962963,0.2533333333333332
0.8146766169154229,0.8837209302325582,0.962962962962963,0.254180602006689
0.8159203980099502,0.8837209302325582,0.9642857142857143,0.2564102564102564
0.8171641791044776,0.8837209302325583,0.9655172413793104,0.2564102564102564
0.818407960199005,0.8837209302325583,0.9655172413793104,0.25998225377107365
0.8196517412935324,0.8837209302325583,0.9655172413793104,0.2605878634639698
0.8208955223880597,0.8846153846153847,0.9655172413793104,0.2608695652173913
0.822139303482587,0.8857142857142857,0.9655172413793104,0.262891809908999
0.8233830845771144,0.8888888888888888,0.9666666666666666,0.26315789473684226
0.8246268656716418,0.888888888888889,0.9666666666666666,0.26373626373626385
0.8258706467661692,0.888888888888889,0.967741935483871,0.2644986449864498
0.8271144278606966,0.888888888888889,0.967741935483871,0.2649350649350649
0.8283582089552238,0.888888888888889,0.967741935483871,0.2649572649572649
0.8296019900497512,0.888888888888889,0.968421052631579,0.26563307493540067
0.8308457711442786,0.888888888888889,0.96875,0.26563307493540067
0.832089552238806,0.888888888888889,0.9690721649484536,0.27260458839406204
0.8333333333333334,0.888888888888889,0.9696969696969697,0.27272727272727265
0.8345771144278606,0.888888888888889,0.9696969696969697,0.2727272727272728
0.835820895522388,0.888888888888889,0.9696969696969697,0.2727272727272728
0.8370646766169154,0.888888888888889,0.9714285714285714,0.2727272727272728
0.8383084577114428,0.888888888888889,0.9714285714285714,0.27450980392156854
0.8395522388059702,0.888888888888889,0.9722222222222222,0.2754057428214731
0.8407960199004975,0.888888888888889,0.972972972972973,0.27573529411764713
0.8420398009950248,0.888888888888889,0.972972972972973,0.2761615284411638
0.8432835820895522,0.888888888888889,0.972972972972973,0.2803970223325062
0.8445273631840796,0.888888888888889,0.972972972972973,0.2820512820512821
0.845771144278607,0.888888888888889,0.9743589743589743,0.2839962997224792
0.8470149253731343,0.888888888888889,0.9743589743589743,0.28571428571428564
0.8482587064676617,0.888888888888889,0.9743589743589743,0.2867647058823528
0.849502487562189,0.8923076923076922,0.9743589743589743,0.2894736842105263
0.8507462686567164,0.8936170212765957,0.9743589743589743,0.29102167182662547
0.8519900497512438,0.8947368421052632,0.9743589743589743,0.291497975708502
0.8532338308457711,0.8955223880597014,0.9743589743589743,0.29254079254079246
0.8544776119402985,0.8955223880597014,0.9743589743589743,0.293040293040293
0.8557213930348259,0.896551724137931,0.9743589743589743,0.2936507936507937
0.8569651741293532,0.896551724137931,0.9743589743589743,0.2954545454545455
0.8582089552238806,0.9,0.975609756097561,0.29579579579579585
0.8594527363184079,0.9,0.975609756097561,0.2962962962962964
0.8606965174129353,0.9,0.975609756097561,0.29684601113172526
0.8619402985074627,0.9019607843137256,0.975609756097561,0.2978723404255319
0.8631840796019901,0.9032258064516129,0.975609756097561,0.3003663003663003
0.8644278606965174,0.9047619047619047,0.975609756097561,0.3003663003663003
0.8656716417910447,0.9047619047619048,0.975609756097561,0.303030303030303
0.8669154228855721,0.9056603773584906,0.975609756097561,0.30468085106382975
0.8681592039800995,0.909090909090909,0.975609756097561,0.30612244897959195
0.8694029850746269,0.9090909090909091,0.975609756097561,0.3076923076923077
0.8706467661691543,0.9090909090909091,0.975609756097561,0.30769230769230776
0.8718905472636815,0.9090909090909091,0.975609756097561,0.3078260869565217
0.8731343283582089,0.9090909090909091,0.975609756097561,0.30842607313195547
0.8743781094527363,0.9090909090909091,0.975609756097561,0.3120567375886525
0.8756218905472637,0.9090909090909091,0.975609756097561,0.31351351351351353
0.8768656716417911,0.9108910891089109,0.975609756097561,0.3135245901639345
0.8781094527363185,0.9130434782608695,0.975609756097561,0.31450719822812845
0.8793532338308457,0.9130434782608695,0.975609756097561,0.31590656284760843
0.8805970149253731,0.9142857142857143,0.975609756097561,0.31818181818181834
0.8818407960199005,0.9166666666666666,0.975609756097561,0.3189189189189189
0.8830845771144279,0.9166666666666666,0.975609756097561,0.3214285714285715
0.8843283582089553,0.9166666666666666,0.975609756097561,0.3215686274509804
0.8855721393034826,0.9180327868852458,0.975609756097561,0.3224932249322492
0.8868159203980099,0.9180327868852458,0.9767441860465117,0.32285115303983225
0.8880597014925373,0.9180327868852459,0.9767441860465117,0.32500000000000007
0.8893034825870647,0.9189189189189189,0.9767441860465117,0.3250773993808048
0.8905472636815921,0.918918918918919,0.9767441860465117,0.32579185520362
0.8917910447761194,0.92,0.9767441860465117,0.3265306122448979
0.8930348258706468,0.9210526315789473,0.9767441860465117,0.33333333333333337
0.8942786069651741,0.923076923076923,0.9767441860465117,0.33333333333333337
0.8955223880597015,0.923076923076923,0.9767441860465117,0.3335530652603824
0.8967661691542289,0.923076923076923,0.9767441860465117,0.3351648351648352
0.8980099502487562,0.923076923076923,0.9767441860465117,0.33653846153846145
0.8992537313432836,0.9230769230769231,0.9772727272727273,0.3367441860465117
0.900497512437811,0.9230769230769231,0.9777777777777777,0.33926615553121575
0.9017412935323383,0.9253731343283583,0.9777777777777777,0.339622641509434
0.9029850746268657,0.9268292682926829,0.9787234042553191,0.3407407407407407
0.904228855721393,0.9268292682926829,0.9787234042553191,0.34285714285714297
0.9054726368159204,0.9302325581395349,0.9795918367346939,0.3447004608294932
0.9067164179104478,0.9302325581395349,0.9795918367346939,0.34749034749034735
0.9079601990049752,0.9302325581395349,0.9803921568627451,0.34782608695652173
0.9092039800995025,0.9302325581395349,0.9811320754716981,0.34782608695652173
0.9104477611940298,0.9333333333333332,0.9824561403508771,0.35
0.9116915422885572,0.9333333333333333,0.9846153846153847,0.3516483516483515
0.9129353233830846,0.9333333333333333,0.9850746268656716,0.35539654144305305
0.914179104477612,0.9333333333333333,0.9855072463768115,0.360777058279371
0.9154228855721394,0.9333333333333333,0.9855072463768115,0.3636363636363636
0.9166666666666666,0.9333333333333333,0.9859154929577464,0.3636363636363637
0.917910447761194,0.9333333333333333,0.9887640449438202,0.3678571428571427
0.9191542288557214,0.9375,1.0,0.37619047619047624
0.9203980099502488,0.9375,1.0,0.3793103448275862
0.9216417910447762,0.9375,1.0,0.38095238095238104
0.9228855721393034,0.9393939393939394,1.0,0.3835978835978837
0.9241293532338308,0.9411764705882353,1.0,0.3846153846153847
0.9253731343283582,0.9411764705882353,1.0,0.38530465949820786
0.9266169154228856,0.9411764705882353,1.0,0.3913043478260869
0.927860696517413,0.9438202247191011,1.0,0.39353400222965446
0.9291044776119403,0.9444444444444444,1.0,0.4
0.9303482587064676,0.9444444444444444,1.0,0.4003496503496504
0.931592039800995,0.9454545454545454,1.0,0.40476190476190466
0.9328358208955224,0.9473684210526316,1.0,0.40784313725490196
0.9340796019900498,0.9473684210526316,1.0,0.40963855421686757
0.9353233830845771,0.9473684210526316,1.0,0.41394230769230766
0.9365671641791045,0.9500000000000001,1.0,0.41520136131593866
0.9378109452736318,0.9500000000000001,1.0,0.4210526315789473
0.9390547263681592,0.9500000000000001,1.0,0.4210526315789473
0.9402985074626866,0.9500000000000001,1.0,0.4235294117647059
0.9415422885572139,0.9508196721311475,1.0,0.4260869565217391
0.9427860696517413,0.9523809523809523,1.0,0.42716573413081227
0.9440298507462687,0.9523809523809523,1.0,0.4301994301994302
0.945273631840796,0.9523809523809523,1.0,0.43020594965675063
0.9465174129353234,0.9523809523809523,1.0,0.4366666666666667
0.9477611940298507,0.9523809523809523,1.0,0.4404761904761904
0.9490049751243781,0.9538461538461539,1.0,0.4404761904761904
0.9502487562189055,0.9545454545454546,1.0,0.44976076555023925
0.9514925373134329,0.9565217391304348,1.0,0.4571428571428571
0.9527363184079602,0.9565217391304348,1.0,0.4651162790697675
0.9539800995024875,0.9565217391304348,1.0,0.4661654135338346
0.9552238805970149,0.9583333333333334,1.0,0.4727272727272727
0.9564676616915423,0.96,1.0,0.47999999999999987
0.9577114427860697,0.9600000000000001,1.0,0.48000000000000004
0.9589552238805971,0.9600000000000001,1.0,0.4821731748726655
0.9601990049751243,0.9600000000000001,1.0,0.49282296650717705
0.9614427860696517,0.962962962962963,1.0,0.49545454545454554
0.9626865671641791,0.9655172413793104,1.0,0.5038759689922481
0.9639303482587065,0.9655172413793104,1.0,0.5044722719141324
0.9651741293532339,0.9696969696969697,1.0,0.5116279069767442
0.9664179104477612,0.9696969696969697,1.0,0.5182266009852217
0.9676616915422885,0.9714285714285714,1.0,0.5217391304347826
0.9689054726368159,0.9722222222222222,1.0,0.5299806576402322
0.9701492537313433,0.972972972972973,1.0,0.5323308270676692
0.9713930348258707,0.9743589743589743,1.0,0.5359477124183007
0.972636815920398,0.9743589743589743,1.0,0.5419354838709678
0.9738805970149254,0.975609756097561,1.0,0.5476190476190474
0.9751243781094527,0.975609756097561,1.0,0.5589430894308942
0.9763681592039801,0.975609756097561,1.0,0.56
0.9776119402985075,0.975609756097561,1.0,0.6022698612862547
0.9788557213930348,0.975609756097561,1.0,0.6147186147186147
0.9800995024875622,0.9767441860465117,1.0,0.6153846153846153
0.9813432835820896,0.9772727272727273,1.0,0.6258890469416785
0.9825870646766169,0.9887640449438202,1.0,0.6532258064516129
0.9838308457711443,1.0,1.0,0.6666666666666666
0.9850746268656716,1.0,1.0,0.6666666666666666
0.986318407960199,1.0,1.0,0.6791744840525329
0.9875621890547264,1.0,1.0,0.6842105263157895
0.9888059701492538,1.0,1.0,0.6995565410199556
0.9900497512437811,1.0,1.0,0.7083926031294453
0.9912935323383084,1.0,1.0,0.7142857142857143
0.9925373134328358,1.0,1.0,0.7397849462365591
0.9937810945273632,1.0,1.0,0.8125
0.9950248756218906,1.0,1.0,0.8421052631578948
0.996268656716418,1.0,1.0,0.8529411764705882
0.9975124378109452,1.0,1.0,0.8571428571428571
0.9987562189054726,1.0,1.0,0.9090909090909091
1.0,1.0,1.0,1.0
